$ date -R
Fri, 26 Jun 2026 12:05:55 +0100
$ git checkout master
Already on 'master'
$ git reset --hard stable
HEAD is now at ab9de95c9cf95 Merge tag 'rust-7.2-2' of git://git.kernel.org/pub/scm/linux/kernel/git/ojeda/linux
Merging origin/master (4edcdefd4083a Merge tag 'bpf-fixes' of git://git.kernel.org/pub/scm/linux/kernel/git/bpf/bpf)
$ git merge -m Merge branch 'master' of https://git.kernel.org/pub/scm/linux/kernel/git/torvalds/linux.git origin/master
Updating ab9de95c9cf95..4edcdefd4083a
Fast-forward (no commit created; -m option ignored)
 .mailmap                                           |    3 +-
 .../clock/amlogic,t7-peripherals-clkc.yaml         |   12 +-
 .../bindings/clock/amlogic,t7-pll-clkc.yaml        |    2 +-
 .../devicetree/bindings/clock/canaan,k230-clk.yaml |   59 +
 .../devicetree/bindings/clock/marvell,pxa1908.yaml |   34 +-
 .../bindings/clock/qcom,dispcc-sm6125.yaml         |   17 +-
 .../devicetree/bindings/clock/qcom,hawi-gcc.yaml   |   63 +
 .../bindings/clock/qcom,ipq9574-cmn-pll.yaml       |    3 +-
 .../bindings/clock/qcom,kaanapali-gxclkctl.yaml    |    2 +-
 .../bindings/clock/qcom,milos-camcc.yaml           |    8 +
 .../bindings/clock/qcom,milos-gxclkctl.yaml        |   61 +
 .../bindings/clock/qcom,qca8k-nsscc.yaml           |    2 +-
 .../devicetree/bindings/clock/qcom,rpmhcc.yaml     |    1 +
 .../bindings/clock/qcom,sm8450-videocc.yaml        |    3 +
 .../bindings/clock/qcom,sm8550-tcsr.yaml           |    2 +
 .../bindings/clock/qcom,x1e80100-camcc.yaml        |    1 +
 .../devicetree/bindings/net/qcom,ipq9574-ppe.yaml  |    2 +-
 .../devicetree/bindings/net/renesas,ether.yaml     |    3 +-
 .../bindings/spmi/qcom,glymur-spmi-pmic-arb.yaml   |    1 +
 Documentation/driver-api/ipmi.rst                  |    2 +-
 Documentation/driver-api/uio-howto.rst             |    4 +-
 Documentation/kbuild/kconfig.rst                   |    5 +
 Documentation/mm/index.rst                         |   13 +
 Documentation/networking/netdevices.rst            |    2 +
 Documentation/process/debugging/kgdb.rst           |    2 +-
 Documentation/tools/unittest.rst                   |    2 +-
 Documentation/trace/events.rst                     |    2 +-
 Documentation/virt/kvm/api.rst                     |    2 +-
 MAINTAINERS                                        |    9 +-
 Makefile                                           |    3 +
 arch/s390/include/asm/pgtable.h                    |    4 +-
 arch/s390/kvm/dat.c                                |    5 +-
 arch/s390/kvm/gmap.c                               |   37 +-
 arch/s390/kvm/gmap.h                               |   12 +-
 arch/s390/kvm/kvm-s390.c                           |   71 +-
 arch/s390/kvm/priv.c                               |   10 +-
 arch/s390/mm/gmap_helpers.c                        |    3 +-
 arch/x86/Kconfig                                   |   10 +-
 arch/x86/include/asm/kvm_host.h                    |   12 +-
 arch/x86/kernel/apic/apic_common.c                 |    1 -
 arch/x86/kvm/i8259.c                               |    3 +-
 arch/x86/kvm/ioapic.c                              |    7 +-
 arch/x86/kvm/lapic.c                               |    6 +-
 arch/x86/kvm/mmu/mmu.c                             |   14 +-
 arch/x86/kvm/mmu/mmutrace.h                        |    2 +-
 arch/x86/kvm/mmu/tdp_mmu.c                         |    8 +-
 arch/x86/kvm/svm/avic.c                            |    6 +-
 arch/x86/kvm/svm/nested.c                          |    3 +-
 arch/x86/kvm/vmx/nested.c                          |    3 +-
 arch/x86/kvm/vmx/vmx.c                             |    3 +-
 arch/x86/kvm/x86.c                                 |    6 +-
 arch/x86/platform/geode/geode-common.c             |   12 +-
 block/bfq-cgroup.c                                 |   30 +-
 block/bfq-iosched.c                                |    8 +-
 block/bio-integrity-auto.c                         |    2 +-
 block/bio-integrity-fs.c                           |    4 +-
 block/bio-integrity.c                              |    9 +-
 block/bio.c                                        |   21 +-
 block/blk-cgroup-rwstat.c                          |   15 +-
 block/blk-cgroup.c                                 |  196 +-
 block/blk-cgroup.h                                 |    8 +-
 block/blk-core.c                                   |    7 -
 block/blk-iocost.c                                 |   22 +-
 block/blk-iolatency.c                              |   10 +-
 block/blk-throttle.c                               |   15 +-
 block/error-injection.c                            |    4 +-
 block/ioctl.c                                      |    2 +-
 drivers/block/nbd.c                                |    2 +-
 drivers/char/ipmi/ipmb_dev_int.c                   |    4 +-
 drivers/char/ipmi/ipmi_ipmb.c                      |    4 +-
 drivers/char/ipmi/ipmi_kcs_sm.c                    |    2 +-
 drivers/char/ipmi/ipmi_msghandler.c                |   24 +-
 drivers/char/ipmi/ipmi_si_platform.c               |   11 +-
 drivers/char/ipmi/ipmi_ssif.c                      |    4 +-
 drivers/char/ipmi/ssif_bmc.c                       |    2 +-
 drivers/clk/Kconfig                                |    6 +
 drivers/clk/Makefile                               |    3 +-
 drivers/clk/at91/pmc.c                             |    2 +-
 drivers/clk/at91/sam9x7.c                          |   21 +-
 drivers/clk/at91/sama7d65.c                        |    1 +
 drivers/clk/bcm/clk-iproc-asiu.c                   |   27 +-
 drivers/clk/clk-axi-clkgen.c                       |    5 +-
 drivers/clk/clk-bulk.c                             |   14 +-
 drivers/clk/clk-k230.c                             | 2452 +++++++++++++
 drivers/clk/clk-max77686.c                         |   32 +-
 drivers/clk/hisilicon/clk.c                        |    4 +-
 drivers/clk/hisilicon/clkdivider-hi6220.c          |   26 +-
 drivers/clk/keystone/sci-clk.c                     |   10 +-
 drivers/clk/mediatek/clk-mt7988-infracfg.c         |   80 +-
 drivers/clk/mediatek/clk-mt8192.c                  |    4 +-
 drivers/clk/mediatek/clk-mux.h                     |    5 +
 drivers/clk/microchip/Makefile                     |    2 +-
 drivers/clk/microchip/clk-mpfs-ccc.c               |   15 +-
 drivers/clk/microchip/{clk-core.c => clk-pic32.c}  |    2 +-
 drivers/clk/microchip/{clk-core.h => clk-pic32.h}  |    0
 drivers/clk/microchip/clk-pic32mzda.c              |    2 +-
 drivers/clk/mmp/clk-pxa1908-apbc.c                 |   58 +-
 drivers/clk/mmp/clk-pxa1908-apbcp.c                |   31 +-
 drivers/clk/mvebu/common.c                         |   21 +-
 drivers/clk/nxp/clk-lpc18xx-ccu.c                  |   14 +-
 drivers/clk/qcom/Kconfig                           |   48 +
 drivers/clk/qcom/Makefile                          |    7 +-
 drivers/clk/qcom/a53-pll.c                         |    2 +-
 drivers/clk/qcom/camcc-milos.c                     |    7 +
 drivers/clk/qcom/camcc-x1e80100.c                  |   64 +
 drivers/clk/qcom/camcc-x1p42100.c                  | 2223 ++++++++++++
 drivers/clk/qcom/clk-alpha-pll.h                   |    6 +
 drivers/clk/qcom/clk-regmap-phy-mux.c              |   58 +-
 drivers/clk/qcom/clk-rpmh.c                        |   41 +-
 drivers/clk/qcom/dispcc-x1e80100.c                 |    2 +-
 drivers/clk/qcom/gcc-hawi.c                        | 3657 ++++++++++++++++++++
 drivers/clk/qcom/gcc-ipq9650.c                     | 3445 ++++++++++++++++++
 drivers/clk/qcom/gcc-nord.c                        |    2 +-
 drivers/clk/qcom/gdsc.c                            |   33 +
 drivers/clk/qcom/gdsc.h                            |    5 +
 drivers/clk/qcom/gpucc-sm8750.c                    |    4 +-
 drivers/clk/qcom/gxclkctl-kaanapali.c              |    1 +
 drivers/clk/qcom/ipq-cmn-pll.c                     |   30 +-
 drivers/clk/qcom/negcc-nord.c                      |    3 +-
 drivers/clk/qcom/nwgcc-nord.c                      |    4 +-
 drivers/clk/qcom/segcc-nord.c                      |    2 +-
 drivers/clk/qcom/tcsrcc-hawi.c                     |  158 +
 drivers/clk/qcom/videocc-x1p42100.c                |  585 ++++
 drivers/clk/renesas/clk-r8a73a4.c                  |    2 +
 drivers/clk/renesas/clk-r8a7740.c                  |    2 +
 drivers/clk/renesas/r8a779g0-cpg-mssr.c            |    1 +
 drivers/clk/renesas/r9a07g043-cpg.c                |    2 +-
 drivers/clk/renesas/r9a07g044-cpg.c                |    2 +-
 drivers/clk/renesas/r9a08g045-cpg.c                |   13 +-
 drivers/clk/renesas/r9a08g046-cpg.c                |  355 ++
 drivers/clk/renesas/r9a09g011-cpg.c                |    7 +-
 drivers/clk/renesas/r9a09g047-cpg.c                |   84 +
 drivers/clk/renesas/r9a09g077-cpg.c                |    1 +
 drivers/clk/renesas/renesas-cpg-mssr.c             |    3 +
 drivers/clk/renesas/rzg2l-cpg.c                    |   88 +-
 drivers/clk/renesas/rzg2l-cpg.h                    |   18 +-
 drivers/clk/renesas/rzv2h-cpg.c                    |  181 +
 drivers/clk/renesas/rzv2h-cpg.h                    |   12 +
 drivers/clk/rockchip/Kconfig                       |    2 +-
 drivers/clk/rockchip/clk-rk3588.c                  |   16 +
 drivers/clk/rockchip/clk.c                         |   25 +-
 drivers/clk/rockchip/clk.h                         |    3 +
 drivers/clk/samsung/clk-exynos850.c                |    5 +-
 drivers/clk/samsung/clk-exynos990.c                |  307 +-
 drivers/clk/socfpga/clk-agilex.c                   |    2 +
 drivers/clk/spacemit/ccu-k3.c                      |   30 +-
 drivers/clk/visconti/pll.c                         |   17 +-
 drivers/gpio/gpio-davinci.c                        |    4 +-
 drivers/gpio/gpio-eic-sprd.c                       |    8 +-
 drivers/gpio/gpio-mlxbf3.c                         |    3 +-
 drivers/gpio/gpio-pisosr.c                         |    4 +-
 drivers/gpio/gpio-sch.c                            |   32 +-
 drivers/gpio/gpio-tb10x.c                          |    1 +
 drivers/gpio/gpio-tegra.c                          |   18 +-
 drivers/gpio/gpiolib-acpi-core.c                   |   57 +-
 drivers/gpio/gpiolib.c                             |    2 +-
 drivers/interconnect/core.c                        |   20 +
 drivers/md/md-bitmap.c                             |    9 +-
 drivers/md/md-bitmap.h                             |    2 +-
 drivers/md/md-llbitmap.c                           |   13 +-
 drivers/md/md.c                                    |    2 +-
 drivers/md/raid1.c                                 |   99 +-
 drivers/md/raid10.c                                |   28 +-
 drivers/md/raid5.c                                 |  131 +-
 drivers/md/raid5.h                                 |    1 +
 drivers/net/dsa/mxl862xx/mxl862xx-host.c           |   18 +-
 drivers/net/dsa/realtek/rtl8366rb-leds.c           |    8 +-
 drivers/net/dsa/sja1105/sja1105_ptp.c              |    2 +-
 drivers/net/ethernet/airoha/airoha_eth.c           |  201 +-
 drivers/net/ethernet/airoha/airoha_eth.h           |    3 +-
 drivers/net/ethernet/airoha/airoha_ppe.c           |    3 +-
 drivers/net/ethernet/amazon/ena/ena_netdev.c       |   23 +-
 drivers/net/ethernet/amd/au1000_eth.c              |    3 +-
 drivers/net/ethernet/broadcom/bnx2x/bnx2x_cmn.c    |    3 +-
 drivers/net/ethernet/broadcom/bnxt/bnxt.c          |   48 +-
 drivers/net/ethernet/broadcom/bnxt/bnxt.h          |    5 +
 drivers/net/ethernet/broadcom/bnxt/bnxt_ethtool.c  |    1 +
 drivers/net/ethernet/cadence/macb_main.c           |    8 +
 .../net/ethernet/freescale/dpaa2/dpaa2-switch.c    |   10 +-
 drivers/net/ethernet/freescale/enetc/enetc4_pf.c   |    3 +
 drivers/net/ethernet/google/gve/gve_ethtool.c      |    3 +-
 drivers/net/ethernet/google/gve/gve_rx_dqo.c       |   28 +-
 drivers/net/ethernet/hisilicon/hns3/hns3_ethtool.c |   31 +-
 .../ethernet/hisilicon/hns3/hns3pf/hclge_main.c    |  108 +-
 .../ethernet/hisilicon/hns3/hns3pf/hclge_main.h    |    1 +
 drivers/net/ethernet/ibm/ehea/ehea_main.c          |    2 +
 drivers/net/ethernet/ibm/emac/core.c               |   13 +-
 drivers/net/ethernet/intel/e1000e/ich8lan.c        |    3 +
 drivers/net/ethernet/intel/e1000e/netdev.c         |   15 +-
 drivers/net/ethernet/intel/i40e/i40e_debug.h       |    2 +-
 drivers/net/ethernet/intel/iavf/iavf_ethtool.c     |    1 +
 drivers/net/ethernet/intel/ice/ice_common.c        |    1 -
 drivers/net/ethernet/intel/ice/ice_dpll.c          |   20 +-
 drivers/net/ethernet/intel/ice/ice_eswitch.c       |    4 +-
 drivers/net/ethernet/intel/ice/ice_ethtool.c       |   12 +-
 drivers/net/ethernet/intel/ice/ice_main.c          |   16 +-
 drivers/net/ethernet/intel/ice/ice_vf_lib.c        |    2 +-
 drivers/net/ethernet/marvell/mvneta.c              |    3 +
 .../net/ethernet/marvell/octeontx2/af/cn20k/npc.c  |   60 +-
 drivers/net/ethernet/marvell/octeontx2/af/mcs.c    |    6 +-
 .../net/ethernet/marvell/octeontx2/af/rvu_cn10k.c  |    9 +
 .../ethernet/marvell/octeontx2/af/rvu_debugfs.c    |   59 +-
 .../ethernet/marvell/octeontx2/af/rvu_devlink.c    |   27 +-
 .../net/ethernet/marvell/octeontx2/af/rvu_nix.c    |   11 +-
 .../net/ethernet/marvell/octeontx2/af/rvu_npc_fs.c |    2 +-
 .../ethernet/marvell/octeontx2/nic/cn10k_macsec.c  |   10 +-
 .../net/ethernet/marvell/octeontx2/nic/otx2_pf.c   |    1 +
 .../net/ethernet/marvell/prestera/prestera_main.c  |    2 +-
 drivers/net/ethernet/mediatek/mtk_eth_soc.c        |   10 +-
 drivers/net/ethernet/mediatek/mtk_ppe.c            |    4 +-
 drivers/net/ethernet/mellanox/mlx5/core/Kconfig    |    2 +-
 .../net/ethernet/mellanox/mlx5/core/en_ethtool.c   |    3 +-
 drivers/net/ethernet/mellanox/mlx5/core/en_rep.c   |    3 +-
 .../ethernet/mellanox/mlx5/core/ipoib/ethtool.c    |    4 +-
 .../net/ethernet/mellanox/mlx5/core/mlx5_core.h    |    1 -
 drivers/net/ethernet/mellanox/mlx5/core/port.c     |   19 -
 drivers/net/ethernet/meta/fbnic/fbnic_ethtool.c    |    3 +-
 drivers/net/ethernet/meta/fbnic/fbnic_fw.c         |    9 +-
 drivers/net/ethernet/meta/fbnic/fbnic_netdev.c     |    7 +-
 drivers/net/ethernet/meta/fbnic/fbnic_pci.c        |    4 +
 drivers/net/ethernet/meta/fbnic/fbnic_rpc.c        |    2 +
 .../ethernet/microchip/sparx5/sparx5_switchdev.c   |    4 +-
 drivers/net/ethernet/microsoft/mana/gdma_main.c    |   78 +-
 drivers/net/ethernet/microsoft/mana/mana_bpf.c     |    3 +-
 drivers/net/ethernet/microsoft/mana/mana_en.c      |   16 +-
 drivers/net/ethernet/microsoft/mana/mana_ethtool.c |    3 +-
 .../net/ethernet/oki-semi/pch_gbe/pch_gbe_main.c   |   38 +-
 drivers/net/ethernet/rocker/rocker_ofdpa.c         |    3 +
 .../net/ethernet/stmicro/stmmac/dwmac-spacemit.c   |   13 +-
 drivers/net/ethernet/sun/sungem.c                  |   13 +-
 drivers/net/ethernet/sunplus/spl2sw_phy.c          |    6 +-
 drivers/net/ethernet/ti/icssg/icssg_common.c       |   72 +-
 drivers/net/ethernet/wangxun/ngbe/ngbe_main.c      |    1 -
 drivers/net/ethernet/wangxun/txgbe/txgbe_main.c    |    1 -
 drivers/net/geneve.c                               |   18 +-
 drivers/net/ieee802154/ca8210.c                    |    9 +-
 drivers/net/netconsole.c                           |   12 +-
 drivers/net/phy/realtek/realtek_main.c             |    3 +-
 drivers/net/pse-pd/pd692x0.c                       |    2 +-
 drivers/net/thunderbolt/main.c                     |    8 +-
 drivers/net/usb/kalmia.c                           |    8 +
 drivers/net/usb/lan78xx.c                          |   37 +-
 drivers/net/veth.c                                 |    2 +
 drivers/net/virtio_net.c                           |    9 +-
 drivers/net/wan/hdlc_ppp.c                         |   15 +-
 drivers/net/wan/ixp4xx_hss.c                       |    4 +-
 drivers/net/wwan/t7xx/t7xx_hif_cldma.c             |    3 +
 drivers/nvme/host/apple.c                          |   12 +-
 drivers/nvme/host/core.c                           |   45 +-
 drivers/nvme/host/fc.c                             |    7 +-
 drivers/nvme/host/multipath.c                      |   24 +-
 drivers/nvme/host/nvme.h                           |    5 +-
 drivers/nvme/host/sysfs.c                          |    6 +-
 drivers/nvme/target/configfs.c                     |    9 +-
 drivers/nvme/target/core.c                         |    2 +-
 drivers/nvme/target/fabrics-cmd-auth.c             |   26 +-
 drivers/nvme/target/nvmet.h                        |    2 +-
 drivers/nvme/target/rdma.c                         |   18 +-
 drivers/nvme/target/tcp.c                          |    1 +
 drivers/power/sequencing/core.c                    |   23 +-
 drivers/power/sequencing/pwrseq-pcie-m2.c          |    4 +-
 drivers/spmi/spmi-pmic-arb.c                       |  142 +-
 drivers/spmi/spmi.c                                |    4 +-
 fs/afs/cm_security.c                               |    3 +-
 fs/afs/rxrpc.c                                     |   10 +-
 include/dt-bindings/clock/canaan,k230-clk.h        |  220 ++
 include/dt-bindings/clock/qcom,hawi-gcc.h          |  253 ++
 include/dt-bindings/clock/qcom,hawi-tcsrcc.h       |   16 +
 include/dt-bindings/clock/qcom,ipq5332-cmn-pll.h   |   19 +
 include/dt-bindings/clock/qcom,nord-negcc.h        |    1 +
 include/dt-bindings/clock/qcom,rpmh.h              |    2 +
 include/dt-bindings/clock/qcom,x1e80100-camcc.h    |    3 +
 include/dt-bindings/clock/qcom,x1p42100-videocc.h  |   48 +
 include/dt-bindings/clock/rockchip,rk3588-cru.h    |    4 +
 include/dt-bindings/clock/spacemit,k3-clocks.h     |    5 +
 include/linux/adi-axi-common.h                     |    2 +
 include/linux/bio-integrity.h                      |    2 +-
 include/linux/blkdev.h                             |   16 +-
 include/linux/clk/renesas.h                        |   20 +
 include/linux/ethtool.h                            |    2 +
 include/linux/interconnect.h                       |    6 +
 include/linux/io_uring_types.h                     |    2 -
 include/linux/netdevice.h                          |   21 +-
 include/linux/netfilter/x_tables.h                 |   29 +-
 include/linux/spmi.h                               |    5 +-
 include/net/dst_metadata.h                         |    7 +-
 include/net/ip_fib.h                               |    7 +-
 include/net/netfilter/nf_conntrack_expect.h        |   17 +-
 include/net/netfilter/nf_conntrack_helper.h        |    4 +
 include/net/netfilter/nf_queue.h                   |    1 +
 include/net/netfilter/nft_meta.h                   |    2 +
 include/net/rtnetlink.h                            |    2 +
 include/net/sctp/sctp.h                            |    3 +-
 include/net/xfrm.h                                 |   15 +-
 include/soc/rockchip/rk3588_grf.h                  |    2 +
 include/soc/spacemit/k3-syscon.h                   |    4 +-
 include/uapi/linux/netfilter/nf_conntrack_common.h |    1 +
 io_uring/memmap.c                                  |    2 +-
 io_uring/mpscq.h                                   |    9 +
 io_uring/nop.c                                     |    8 +-
 io_uring/opdef.c                                   |    1 +
 io_uring/register.c                                |   37 +-
 io_uring/rw.c                                      |   12 +-
 io_uring/tw.c                                      |   21 +-
 kernel/bpf/bpf_lsm.c                               |    3 +
 kernel/bpf/btf.c                                   |  209 +-
 kernel/bpf/cgroup.c                                |  108 +-
 kernel/bpf/stackmap.c                              |  183 +-
 kernel/bpf/states.c                                |   13 +-
 kernel/bpf/syscall.c                               |    2 +-
 kernel/bpf/verifier.c                              |    8 +-
 kernel/fork.c                                      |    1 +
 kernel/sched/core.c                                |   12 +-
 kernel/trace/bpf_trace.c                           |   11 +-
 mm/page_io.c                                       |    7 +-
 net/8021q/vlan.c                                   |   76 +-
 net/8021q/vlan.h                                   |   11 +
 net/8021q/vlan_dev.c                               |   60 +
 net/batman-adv/bat_iv_ogm.c                        |   11 +-
 net/batman-adv/bat_v.c                             |    1 +
 net/batman-adv/bat_v_ogm.c                         |   23 +-
 net/batman-adv/distributed-arp-table.c             |   12 +-
 net/batman-adv/fragmentation.c                     |   22 +-
 net/batman-adv/fragmentation.h                     |    3 +-
 net/batman-adv/hard-interface.c                    |   28 +-
 net/batman-adv/routing.c                           |   73 +-
 net/batman-adv/tp_meter.c                          |   74 +-
 net/batman-adv/translation-table.c                 |   12 +-
 net/batman-adv/tvlv.c                              |   69 +-
 net/batman-adv/types.h                             |   21 +-
 net/bpf/test_run.c                                 |    8 +-
 net/bridge/netfilter/nft_meta_bridge.c             |   23 +-
 net/core/Makefile                                  |    2 +-
 net/core/dev.c                                     |    2 +
 net/core/dev.h                                     |   11 +-
 net/core/dev_addr_lists.c                          |   77 +-
 net/core/filter.c                                  |    6 +-
 net/core/flow_dissector.c                          |   12 +-
 net/core/lwtunnel.c                                |    6 +
 net/core/netdev-genl.c                             |    4 +-
 net/core/netdev_work.c                             |  162 +
 net/core/rtnetlink.c                               |    8 +
 net/devlink/rate.c                                 |   25 +-
 net/ethtool/common.h                               |    4 +
 net/ieee802154/core.c                              |   49 +-
 net/ieee802154/header_ops.c                        |    9 +-
 net/ieee802154/ieee802154.h                        |   17 +
 net/ieee802154/netlink.c                           |   36 +-
 net/ipv4/ip_gre.c                                  |    6 +
 net/ipv4/ip_output.c                               |    7 +-
 net/ipv4/ip_vti.c                                  |    3 +
 net/ipv4/ipip.c                                    |    3 +
 net/ipv4/netfilter/nf_reject_ipv4.c                |    2 +-
 net/ipv4/sysctl_net_ipv4.c                         |   10 +-
 net/ipv4/tcp_ao.c                                  |    4 +
 net/ipv4/tcp_output.c                              |    4 +-
 net/ipv4/udp_tunnel_nic.c                          |    2 +-
 net/ipv4/xfrm4_input.c                             |    2 -
 net/ipv6/addrconf.c                                |   42 +-
 net/ipv6/ioam6_iptunnel.c                          |    8 +-
 net/ipv6/ip6_gre.c                                 |    6 +
 net/ipv6/ip6_output.c                              |    9 +-
 net/ipv6/ip6_tunnel.c                              |   10 +
 net/ipv6/ip6_vti.c                                 |    3 +
 net/ipv6/ndisc.c                                   |    8 +-
 net/ipv6/route.c                                   |    3 +
 net/ipv6/sit.c                                     |    3 +
 net/ipv6/xfrm6_input.c                             |    2 -
 net/key/af_key.c                                   |    1 +
 net/llc/sysctl_net_llc.c                           |    2 +-
 net/mac802154/llsec.c                              |   14 +
 net/mac802154/scan.c                               |    1 +
 net/netfilter/Kconfig                              |   11 +-
 net/netfilter/ipset/ip_set_bitmap_gen.h            |    4 +-
 net/netfilter/ipset/ip_set_bitmap_ip.c             |    2 +-
 net/netfilter/ipset/ip_set_bitmap_ipmac.c          |    2 +-
 net/netfilter/ipset/ip_set_bitmap_port.c           |    2 +-
 net/netfilter/ipset/ip_set_core.c                  |    4 +-
 net/netfilter/ipset/ip_set_hash_gen.h              |   12 +-
 net/netfilter/nf_conncount.c                       |   11 +-
 net/netfilter/nf_conntrack_bpf.c                   |   35 +-
 net/netfilter/nf_conntrack_broadcast.c             |    1 +
 net/netfilter/nf_conntrack_core.c                  |   33 +-
 net/netfilter/nf_conntrack_expect.c                |  155 +-
 net/netfilter/nf_conntrack_h323_main.c             |    4 +-
 net/netfilter/nf_conntrack_helper.c                |   19 +-
 net/netfilter/nf_conntrack_irc.c                   |    2 +
 net/netfilter/nf_conntrack_netlink.c               |   45 +-
 net/netfilter/nf_conntrack_pptp.c                  |    2 +
 net/netfilter/nf_conntrack_sip.c                   |   13 +-
 net/netfilter/nf_flow_table_core.c                 |   13 +-
 net/netfilter/nf_flow_table_ip.c                   |   88 +-
 net/netfilter/nf_flow_table_path.c                 |    4 +-
 net/netfilter/nf_nat_core.c                        |   10 +
 net/netfilter/nf_queue.c                           |   14 +
 net/netfilter/nfnetlink_queue.c                    |    3 +
 net/netfilter/nft_compat.c                         |   24 +-
 net/netfilter/nft_ct.c                             |   22 +-
 net/netfilter/nft_meta.c                           |    5 +-
 net/netfilter/nft_payload.c                        |   16 +-
 net/netfilter/nft_synproxy.c                       |    9 +-
 net/netfilter/xt_cluster.c                         |    2 +-
 net/openvswitch/conntrack.c                        |    3 +-
 net/psample/psample.c                              |    6 +-
 net/rds/send.c                                     |    2 +
 net/rxrpc/ar-internal.h                            |    6 +-
 net/rxrpc/call_event.c                             |    5 +-
 net/rxrpc/call_object.c                            |    2 +
 net/rxrpc/conn_client.c                            |    2 +-
 net/rxrpc/conn_event.c                             |    9 +-
 net/rxrpc/input.c                                  |   39 +-
 net/rxrpc/oob.c                                    |   12 +-
 net/rxrpc/recvmsg.c                                |   10 +-
 net/rxrpc/sendmsg.c                                |    3 +-
 net/sched/act_ct.c                                 |   13 +-
 net/sched/cls_api.c                                |    3 +
 net/sched/sch_dualpi2.c                            |   11 +-
 net/sched/sch_generic.c                            |    7 +-
 net/sctp/diag.c                                    |   67 +-
 net/sctp/sm_statefuns.c                            |    5 +
 net/sctp/socket.c                                  |   29 +-
 net/tipc/core.c                                    |    9 +-
 net/tipc/crypto.c                                  |    9 +
 net/tipc/discover.c                                |   14 +-
 net/tipc/udp_media.c                               |   19 +-
 net/xfrm/espintcp.c                                |   34 +-
 net/xfrm/xfrm_input.c                              |   29 +-
 net/xfrm/xfrm_interface_core.c                     |    3 +
 net/xfrm/xfrm_policy.c                             |   27 +-
 net/xfrm/xfrm_state.c                              |   23 +-
 net/xfrm/xfrm_user.c                               |   20 +-
 scripts/kconfig/confdata.c                         |  106 +-
 scripts/kconfig/tests/conftest.py                  |    8 +-
 scripts/kconfig/tests/warn_changed_input/Kconfig   |   40 +
 .../kconfig/tests/warn_changed_input/__init__.py   |   33 +
 scripts/kconfig/tests/warn_changed_input/config    |    3 +
 .../tests/warn_changed_input/expected_config       |    6 +
 .../tests/warn_changed_input/expected_defconfig    |    1 +
 .../tests/warn_changed_input/expected_stderr       |    4 +
 scripts/mod/modpost.c                              |    2 +-
 tools/bpf/bpftool/cgroup.c                         |   14 +-
 tools/lib/python/kdoc/xforms_lists.py              |    4 +
 tools/net/ynl/Makefile                             |    2 +-
 tools/net/ynl/Makefile.deps                        |    2 +
 tools/net/ynl/generated/Makefile                   |    2 +-
 tools/net/ynl/lib/Makefile                         |    2 +-
 tools/testing/selftests/bpf/config                 |    3 +
 tools/testing/selftests/bpf/prog_tests/bpf_nf.c    |    6 +
 tools/testing/selftests/bpf/prog_tests/btf.c       |   12 +-
 .../selftests/bpf/prog_tests/cgroup_preorder.c     |   77 +
 tools/testing/selftests/bpf/prog_tests/test_xsk.c  |   96 +-
 tools/testing/selftests/bpf/prog_tests/test_xsk.h  |    2 +
 .../bpf/prog_tests/xdp_context_test_run.c          |  175 +
 tools/testing/selftests/bpf/progs/test_bpf_nf.c    |   26 +
 tools/testing/selftests/bpf/progs/test_xdp_meta.c  |  123 +-
 tools/testing/selftests/bpf/progs/verifier_lsm.c   |   15 +
 .../selftests/bpf/progs/verifier_spill_fill.c      |   18 +
 .../testing/selftests/bpf/progs/verifier_unpriv.c  |   22 +
 .../testing/selftests/drivers/net/bonding/Makefile |    1 +
 .../drivers/net/bonding/bond_vlan_real_dev.sh      |  180 +
 tools/testing/selftests/drivers/net/so_txtime.c    |    2 +-
 .../testing/selftests/kvm/include/s390/facility.h  |    6 +
 tools/testing/selftests/kvm/s390/cmma_test.c       |    6 +
 tools/testing/selftests/kvm/s390/user_operexec.c   |  110 +
 tools/testing/selftests/net/broadcast_ether_dst.sh |    2 +-
 .../net/netfilter/conntrack_sctp_collision.sh      |   89 +-
 .../selftests/net/netfilter/nft_flowtable.sh       |    8 +-
 tools/testing/selftests/net/netfilter/nft_queue.sh |   66 +-
 tools/testing/selftests/net/tls.c                  |    8 +-
 tools/testing/selftests/net/vlan_bridge_binding.sh |    2 +-
 .../selftests/tc-testing/tc-tests/actions/ct.json  |   38 +
 .../tc-testing/tc-tests/qdiscs/dualpi2.json        |   44 +
 tools/testing/selftests/tc-testing/tdc_gso.py      |   43 +
 tools/tracing/rtla/.gitignore                      |   13 +-
 .../rtla/tests/scripts/lib/get_workload_pids.sh    |    2 +-
 virt/kvm/eventfd.c                                 |   12 +-
 476 files changed, 19718 insertions(+), 2597 deletions(-)
 create mode 100644 Documentation/devicetree/bindings/clock/canaan,k230-clk.yaml
 create mode 100644 Documentation/devicetree/bindings/clock/qcom,hawi-gcc.yaml
 create mode 100644 Documentation/devicetree/bindings/clock/qcom,milos-gxclkctl.yaml
 create mode 100644 drivers/clk/clk-k230.c
 rename drivers/clk/microchip/{clk-core.c => clk-pic32.c} (99%)
 rename drivers/clk/microchip/{clk-core.h => clk-pic32.h} (100%)
 create mode 100644 drivers/clk/qcom/camcc-x1p42100.c
 create mode 100644 drivers/clk/qcom/gcc-hawi.c
 create mode 100644 drivers/clk/qcom/gcc-ipq9650.c
 create mode 100644 drivers/clk/qcom/tcsrcc-hawi.c
 create mode 100644 drivers/clk/qcom/videocc-x1p42100.c
 create mode 100644 include/dt-bindings/clock/canaan,k230-clk.h
 create mode 100644 include/dt-bindings/clock/qcom,hawi-gcc.h
 create mode 100644 include/dt-bindings/clock/qcom,hawi-tcsrcc.h
 create mode 100644 include/dt-bindings/clock/qcom,ipq5332-cmn-pll.h
 create mode 100644 include/dt-bindings/clock/qcom,x1p42100-videocc.h
 create mode 100644 net/core/netdev_work.c
 create mode 100644 scripts/kconfig/tests/warn_changed_input/Kconfig
 create mode 100644 scripts/kconfig/tests/warn_changed_input/__init__.py
 create mode 100644 scripts/kconfig/tests/warn_changed_input/config
 create mode 100644 scripts/kconfig/tests/warn_changed_input/expected_config
 create mode 100644 scripts/kconfig/tests/warn_changed_input/expected_defconfig
 create mode 100644 scripts/kconfig/tests/warn_changed_input/expected_stderr
 create mode 100755 tools/testing/selftests/drivers/net/bonding/bond_vlan_real_dev.sh
 create mode 100755 tools/testing/selftests/tc-testing/tdc_gso.py
Merging ext4-fixes/fixes (981fcc5674e67 jbd2: fix deadlock in jbd2_journal_cancel_revoke())
$ git merge -m Merge branch 'fixes' of https://git.kernel.org/pub/scm/linux/kernel/git/tytso/ext4.git ext4-fixes/fixes
Already up to date.
Merging vfs-brauner-fixes/vfs.fixes (2eea7f44b9c8b iomap: avoid potential null folio->mapping deref during error reporting)
$ git merge -m Merge branch 'vfs.fixes' of https://git.kernel.org/pub/scm/linux/kernel/git/vfs/vfs.git vfs-brauner-fixes/vfs.fixes
Already up to date.
Merging fscrypt-current/for-current (696c030e1e343 fscrypt: Replace mk_users keyring with simple list)
$ git merge -m Merge branch 'for-current' of https://git.kernel.org/pub/scm/fs/fscrypt/linux.git fscrypt-current/for-current
Merge made by the 'ort' strategy.
 fs/crypto/fscrypt_private.h |  84 ++++++++++------
 fs/crypto/inline_crypt.c    |   8 +-
 fs/crypto/keyring.c         | 239 +++++++++++++++++++-------------------------
 fs/crypto/keysetup.c        | 118 ++++++++++++++--------
 4 files changed, 233 insertions(+), 216 deletions(-)
Merging fsverity-current/for-current (0c8c88b8eb82a ovl: fix verity lazy-load guard broken by fsverity_active() semantic change)
$ git merge -m Merge branch 'for-current' of https://git.kernel.org/pub/scm/fs/fsverity/linux.git fsverity-current/for-current
Already up to date.
Merging btrfs-fixes/next-fixes (4549871118cf6 Linux 7.1-rc7)
$ git merge -m Merge branch 'next-fixes' of https://git.kernel.org/pub/scm/linux/kernel/git/kdave/linux.git btrfs-fixes/next-fixes
Already up to date.
Merging vfs-fixes/fixes (49c5d168a3a8f udf: fix nls leak on udf_fill_super() failure)
$ git merge -m Merge branch 'fixes' of https://git.kernel.org/pub/scm/linux/kernel/git/viro/vfs.git vfs-fixes/fixes
Auto-merging fs/udf/super.c
Merge made by the 'ort' strategy.
Merging erofs-fixes/fixes (27f2d085bd72a erofs: fix EFSCORRUPTED on multi-algorithm images in z_erofs_map_sanity_check())
$ git merge -m Merge branch 'fixes' of https://git.kernel.org/pub/scm/linux/kernel/git/xiang/erofs.git erofs-fixes/fixes
Already up to date.
Merging nfsd-fixes/nfsd-fixes (e5248a7426030 svcrdma: wake sq waiters when the transport closes)
$ git merge -m Merge branch 'nfsd-fixes' of https://git.kernel.org/pub/scm/linux/kernel/git/cel/linux nfsd-fixes/nfsd-fixes
Already up to date.
Merging v9fs-fixes/fixes/next (028ef9c96e961 Linux 7.0)
$ git merge -m Merge branch 'fixes/next' of https://git.kernel.org/pub/scm/linux/kernel/git/ericvh/v9fs.git v9fs-fixes/fixes/next
Already up to date.
Merging overlayfs-fixes/ovl-fixes (4549871118cf6 Linux 7.1-rc7)
$ git merge -m Merge branch 'ovl-fixes' of https://git.kernel.org/pub/scm/linux/kernel/git/overlayfs/vfs.git overlayfs-fixes/ovl-fixes
Already up to date.
Merging fscrypt/for-next (254f49634ee16 Linux 7.1-rc1)
$ git merge -m Merge branch 'for-next' of https://git.kernel.org/pub/scm/fs/fscrypt/linux.git fscrypt/for-next
Already up to date.
Merging btrfs/for-next (e73be5d3d5371 Merge branch 'for-next-next-v7.2-20260608' into for-next-20260608)
$ git merge -m Merge branch 'for-next' of https://git.kernel.org/pub/scm/linux/kernel/git/kdave/linux.git btrfs/for-next
Auto-merging fs/btrfs/Kconfig
Auto-merging fs/btrfs/disk-io.c
Auto-merging fs/btrfs/inode.c
Auto-merging fs/btrfs/raid56.c
Auto-merging fs/btrfs/super.c
Auto-merging fs/btrfs/transaction.c
Auto-merging fs/btrfs/tree-log.c
Auto-merging fs/btrfs/zoned.c
Merge made by the 'ort' strategy.
 fs/btrfs/Kconfig       |  1 +
 fs/btrfs/transaction.c | 18 ++++++++++--------
 2 files changed, 11 insertions(+), 8 deletions(-)
Merging ceph/master (1397040896280 selftests: ceph: wire up Ceph reset kselftests and documentation)
$ git merge -m Merge branch 'master' of https://github.com/ceph/ceph-client.git ceph/master
Auto-merging MAINTAINERS
Auto-merging drivers/block/rbd.c
Auto-merging fs/ceph/file.c
Auto-merging fs/ceph/mds_client.c
Auto-merging tools/testing/selftests/Makefile
Merge made by the 'ort' strategy.
 MAINTAINERS                                        |   1 +
 drivers/block/rbd.c                                |  23 +-
 fs/ceph/addr.c                                     |  20 +-
 fs/ceph/caps.c                                     |  34 +-
 fs/ceph/debugfs.c                                  | 103 +++
 fs/ceph/file.c                                     |  13 +-
 fs/ceph/inode.c                                    |   5 +-
 fs/ceph/locks.c                                    |  38 +-
 fs/ceph/mds_client.c                               | 802 ++++++++++++++++++++-
 fs/ceph/mds_client.h                               |  52 +-
 fs/ceph/snap.c                                     |   2 +-
 fs/ceph/super.h                                    |  70 +-
 fs/ceph/xattr.c                                    |   2 +-
 include/trace/events/ceph.h                        |  67 ++
 tools/testing/selftests/Makefile                   |   1 +
 tools/testing/selftests/filesystems/ceph/Makefile  |   7 +
 tools/testing/selftests/filesystems/ceph/README    |  84 +++
 .../filesystems/ceph/reset_corner_cases.sh         | 646 +++++++++++++++++
 .../selftests/filesystems/ceph/reset_stress.sh     | 694 ++++++++++++++++++
 .../selftests/filesystems/ceph/run_validation.sh   | 350 +++++++++
 tools/testing/selftests/filesystems/ceph/settings  |   1 +
 .../filesystems/ceph/validate_consistency.py       | 297 ++++++++
 22 files changed, 3193 insertions(+), 119 deletions(-)
 create mode 100644 tools/testing/selftests/filesystems/ceph/Makefile
 create mode 100644 tools/testing/selftests/filesystems/ceph/README
 create mode 100755 tools/testing/selftests/filesystems/ceph/reset_corner_cases.sh
 create mode 100755 tools/testing/selftests/filesystems/ceph/reset_stress.sh
 create mode 100755 tools/testing/selftests/filesystems/ceph/run_validation.sh
 create mode 100644 tools/testing/selftests/filesystems/ceph/settings
 create mode 100755 tools/testing/selftests/filesystems/ceph/validate_consistency.py
Merging cifs/for-next (a0de2f6932ae7 cifs: update internal module version number)
$ git merge -m Merge branch 'for-next' of git://git.samba.org/sfrench/cifs-2.6.git cifs/for-next
Merge made by the 'ort' strategy.
 fs/smb/client/cached_dir.c | 400 +++++++++++++++++++++----
 fs/smb/client/cached_dir.h |  36 ++-
 fs/smb/client/cifs_debug.c |   7 +-
 fs/smb/client/cifsacl.c    |  38 ++-
 fs/smb/client/cifsfs.h     |   4 +-
 fs/smb/client/cifsglob.h   |  28 +-
 fs/smb/client/cifsproto.h  |   3 +
 fs/smb/client/connect.c    |   4 +-
 fs/smb/client/dir.c        |  34 ++-
 fs/smb/client/file.c       |   3 +
 fs/smb/client/inode.c      |  16 +-
 fs/smb/client/readdir.c    | 211 +++-----------
 fs/smb/client/smb1ops.c    |   4 +-
 fs/smb/client/smb2misc.c   |   7 +-
 fs/smb/client/smb2ops.c    | 709 ++++++++++++++++++++++++++++++++++++++++-----
 fs/smb/client/smb2pdu.c    | 240 ++++++++++++++-
 fs/smb/client/smb2pdu.h    |  14 +
 fs/smb/client/smb2proto.h  |   6 +-
 fs/smb/client/trace.h      |   1 +
 fs/smb/client/transport.c  | 170 ++++++++++-
 fs/smb/common/smb2pdu.h    |  24 ++
 21 files changed, 1604 insertions(+), 355 deletions(-)
Merging configfs/configfs-next (6363844fdbbb7 samples: configfs: Constify struct configfs_item_operations and configfs_group_operations)
$ git merge -m Merge branch 'configfs-next' of https://git.kernel.org/pub/scm/linux/kernel/git/a.hindborg/linux.git configfs/configfs-next
Already up to date.
Merging ecryptfs/next (95ce5ffd54cf6 ecryptfs: use kasprintf in ecryptfs_crypto_api_algify_cipher_name)
$ git merge -m Merge branch 'next' of https://git.kernel.org/pub/scm/linux/kernel/git/tyhicks/ecryptfs.git ecryptfs/next
Merge made by the 'ort' strategy.
 fs/ecryptfs/crypto.c   | 24 +++++++-----------------
 fs/ecryptfs/keystore.c | 16 +++++-----------
 2 files changed, 12 insertions(+), 28 deletions(-)
Merging dlm/next (e61113cfcaf71 dlm: init per node debugfs before add to node hash)
$ git merge -m Merge branch 'next' of https://git.kernel.org/pub/scm/linux/kernel/git/teigland/linux-dlm.git dlm/next
Already up to date.
Merging erofs/dev (803d09a554055 erofs: handle 48-bit blocks_hi for compressed inodes)
$ git merge -m Merge branch 'dev' of https://git.kernel.org/pub/scm/linux/kernel/git/xiang/erofs.git erofs/dev
Already up to date.
Merging exfat/dev (7e77e17e8a1d2 exfat: preserve the next empty-entry hint after allocation)
$ git merge -m Merge branch 'dev' of https://git.kernel.org/pub/scm/linux/kernel/git/linkinjeon/exfat.git exfat/dev
Merge made by the 'ort' strategy.
 fs/exfat/namei.c | 40 ++++++++++++++++++++++++++++++++++++++--
 1 file changed, 38 insertions(+), 2 deletions(-)
Merging ext3/for_next (42093d1948d2d Pull fanotify pidfd reporting for threads and dead tasks.)
$ git merge -m Merge branch 'for_next' of https://git.kernel.org/pub/scm/linux/kernel/git/jack/linux-fs.git ext3/for_next
Merge made by the 'ort' strategy.
Merging ext4/dev (c143957520c6c ext4: validate donor file superblock early in EXT4_IOC_MOVE_EXT)
$ git merge -m Merge branch 'dev' of https://git.kernel.org/pub/scm/linux/kernel/git/tytso/ext4.git ext4/dev
Already up to date.
Merging f2fs/dev (840ef6c78e6a2 Merge tag 'nfs-for-7.2-1' of git://git.linux-nfs.org/projects/anna/linux-nfs)
$ git merge -m Merge branch 'dev' of https://git.kernel.org/pub/scm/linux/kernel/git/jaegeuk/f2fs.git f2fs/dev
Already up to date.
Merging fsverity/for-next (254f49634ee16 Linux 7.1-rc1)
$ git merge -m Merge branch 'for-next' of https://git.kernel.org/pub/scm/fs/fsverity/linux.git fsverity/for-next
Already up to date.
Merging fuse/for-next (7d87a5a284bb3 fuse-uring: clear ent->fuse_req in commit_fetch error path)
$ git merge -m Merge branch 'for-next' of https://git.kernel.org/pub/scm/linux/kernel/git/mszeredi/fuse.git fuse/for-next
Already up to date.
Merging gfs2/for-next (4982e58669b11 gfs2: page poisoning fix)
$ git merge -m Merge branch 'for-next' of https://git.kernel.org/pub/scm/linux/kernel/git/gfs2/linux-gfs2.git gfs2/for-next
Auto-merging fs/gfs2/bmap.c
Merge made by the 'ort' strategy.
 fs/gfs2/bmap.c  | 19 +++++++++++++++++++
 fs/gfs2/bmap.h  |  1 +
 fs/gfs2/file.c  | 15 ++++++++++++---
 fs/gfs2/quota.c | 36 ++++++++++++++++++++++++------------
 fs/gfs2/super.c |  1 +
 5 files changed, 57 insertions(+), 15 deletions(-)
Merging jfs/jfs-next (dad98c5b2a05e jfs: avoid -Wtautological-constant-out-of-range-compare warning again)
$ git merge -m Merge branch 'jfs-next' of https://github.com/kleikamp/linux-shaggy.git jfs/jfs-next
Already up to date.
Merging ksmbd/ksmbd-for-next (da793cf6d6023 ksmbd: fix kernel-doc warnings in smb2_lease_break_noti())
$ git merge -m Merge branch 'ksmbd-for-next' of https://github.com/smfrench/smb3-kernel.git ksmbd/ksmbd-for-next
Merge made by the 'ort' strategy.
 fs/smb/server/auth.c       |  20 +-
 fs/smb/server/ksmbd_work.c |  58 ++--
 fs/smb/server/ksmbd_work.h |   4 +
 fs/smb/server/misc.c       |  14 +-
 fs/smb/server/oplock.c     | 679 ++++++++++++++++++++++++++++++--------------
 fs/smb/server/oplock.h     |  14 +-
 fs/smb/server/smb2pdu.c    | 680 ++++++++++++++++++++++++++++++++-------------
 fs/smb/server/smb2pdu.h    |   2 +-
 fs/smb/server/vfs.c        |  12 +-
 fs/smb/server/vfs_cache.c  | 265 +++++++++++++++++-
 fs/smb/server/vfs_cache.h  |  18 +-
 11 files changed, 1319 insertions(+), 447 deletions(-)
$ git am -3 ../patches/0001-ntfs3-Fix-up-merge-with-Linus.patch
Applying: ntfs3: Fix up merge with Linus
Using index info to reconstruct a base tree...
M	fs/ntfs3/file.c
Falling back to patching base and 3-way merge...
No changes -- Patch already applied.
Merging nfs/linux-next (840ef6c78e6a2 Merge tag 'nfs-for-7.2-1' of git://git.linux-nfs.org/projects/anna/linux-nfs)
$ git merge -m Merge branch 'linux-next' of git://git.linux-nfs.org/projects/trondmy/nfs-2.6.git nfs/linux-next
Already up to date.
Merging nfs-anna/linux-next (284ea3fb4f671 NFS: Use common error handling code in nfs_alloc_server())
$ git merge -m Merge branch 'linux-next' of git://git.linux-nfs.org/projects/anna/linux-nfs.git nfs-anna/linux-next
Already up to date.
Merging nfsd/nfsd-next (e5248a7426030 svcrdma: wake sq waiters when the transport closes)
$ git merge -m Merge branch 'nfsd-next' of https://git.kernel.org/pub/scm/linux/kernel/git/cel/linux nfsd/nfsd-next
Already up to date.
$ git am -3 ../patches/0001-Revert-smb-client-implement-fileattr_get-to-support-.patch
Applying: Revert "smb: client: implement fileattr_get to support FS_IOC_GETFLAGS"
Using index info to reconstruct a base tree...
M	fs/smb/client/cifsfs.c
M	fs/smb/client/cifsfs.h
M	fs/smb/client/inode.c
Falling back to patching base and 3-way merge...
Auto-merging fs/smb/client/inode.c
Auto-merging fs/smb/client/cifsfs.h
Auto-merging fs/smb/client/cifsfs.c
No changes -- Patch already applied.
Merging ntfs/ntfs-next (81fe702ff1760 ntfs: avoid stale runlist element dereference in MFT writeback)
$ git merge -m Merge branch 'ntfs-next' of https://git.kernel.org/pub/scm/linux/kernel/git/linkinjeon/ntfs.git ntfs/ntfs-next
Merge made by the 'ort' strategy.
 fs/ntfs/mft.c | 8 ++++++--
 1 file changed, 6 insertions(+), 2 deletions(-)
Merging ntfs3/master (5b08dccecf825 ntfs3: reject direct userspace writes to reserved $LX* xattrs)
$ git merge -m Merge branch 'master' of https://github.com/Paragon-Software-Group/linux-ntfs3.git ntfs3/master
Already up to date.
Merging orangefs/for-next (e61bc5e4d8743    bufmap: manage as folios, V2.)
$ git merge -m Merge branch 'for-next' of https://git.kernel.org/pub/scm/linux/kernel/git/hubcap/linux.git orangefs/for-next
Already up to date.
Merging overlayfs/overlayfs-next (1f6ee9be92f8d ovl: make fsync after metadata copy-up opt-in mount option)
$ git merge -m Merge branch 'overlayfs-next' of https://git.kernel.org/pub/scm/linux/kernel/git/overlayfs/vfs.git overlayfs/overlayfs-next
Already up to date.
Merging ubifs/next (11efa98bcc0d0 ubi: ubi.h: fix kernel-doc warnings)
$ git merge -m Merge branch 'next' of https://git.kernel.org/pub/scm/linux/kernel/git/rw/ubifs.git ubifs/next
Auto-merging drivers/mtd/ubi/ubi.h
Merge made by the 'ort' strategy.
 drivers/mtd/ubi/ubi.h | 9 ++++++---
 1 file changed, 6 insertions(+), 3 deletions(-)
Merging v9fs/9p-next (aa88278693cbf 9p: Add missing read barrier in virtio zero-copy path)
$ git merge -m Merge branch '9p-next' of https://github.com/martinetd/linux v9fs/9p-next
Already up to date.
Merging v9fs-ericvh/ericvh/for-next (028ef9c96e961 Linux 7.0)
$ git merge -m Merge branch 'ericvh/for-next' of https://git.kernel.org/pub/scm/linux/kernel/git/ericvh/v9fs.git v9fs-ericvh/ericvh/for-next
Already up to date.
Merging xfs/for-next (804826eac53cf xfs: shut down the filesystem on a failed mount)
$ git merge -m Merge branch 'for-next' of https://git.kernel.org/pub/scm/fs/xfs/xfs-linux.git xfs/for-next
Already up to date.
Merging zonefs/for-next (3a8389d42bdf4 zonefs: handle integer overflow in zonefs_fname_to_fno)
$ git merge -m Merge branch 'for-next' of https://git.kernel.org/pub/scm/linux/kernel/git/dlemoal/zonefs.git zonefs/for-next
Already up to date.
Merging vfs-brauner/vfs.all (e7a6d06e3c3e8 Merge branch 'vfs-7.2.misc' into vfs.all)
$ git merge -m Merge branch 'vfs.all' of https://git.kernel.org/pub/scm/linux/kernel/git/vfs/vfs.git vfs-brauner/vfs.all
Auto-merging fs/fuse/dev.c
Auto-merging include/linux/fs.h
Auto-merging include/linux/skbuff.h
Auto-merging include/linux/syscalls.h
Merge made by the 'ort' strategy.
 fs/fuse/dev.c             |   1 -
 fs/read_write.c           |  23 ++++++
 fs/splice.c               | 202 ++--------------------------------------------
 include/linux/pipe_fs_i.h |   1 -
 include/linux/skbuff.h    |   4 +-
 include/linux/splice.h    |   4 +-
 include/linux/syscalls.h  |   4 +-
 7 files changed, 34 insertions(+), 205 deletions(-)
$ git am -3 ../patches/0001-ksmbd-Fix-removal-of-type-parameter-from-vfs_path_pa.patch
Applying: ksmbd: Fix removal of type parameter from vfs_path_parent_lookup()
Using index info to reconstruct a base tree...
M	fs/smb/server/vfs.c
Falling back to patching base and 3-way merge...
Auto-merging fs/smb/server/vfs.c
No changes -- Patch already applied.
Merging vfs/for-next (4dda01b67c866 Merge branches 'work.dcache', 'work.dcache-d_add' and 'work.configfs' into for-next)
$ git merge -m Merge branch 'for-next' of https://git.kernel.org/pub/scm/linux/kernel/git/viro/vfs.git vfs/for-next
Merge made by the 'ort' strategy.
Merging mm-hotfixes/mm-hotfixes-unstable (dcfbdd5886ab8 MAINTAINERS: add Lance as an rmap reviewer)
$ git merge -m Merge branch 'mm-hotfixes-unstable' of https://git.kernel.org/pub/scm/linux/kernel/git/akpm/mm mm-hotfixes/mm-hotfixes-unstable
Auto-merging MAINTAINERS
Auto-merging drivers/dax/bus.c
Auto-merging mm/compaction.c
Auto-merging mm/damon/sysfs-schemes.c
Auto-merging mm/shrinker.c
Auto-merging mm/shrinker_debug.c
Merge made by the 'ort' strategy.
 MAINTAINERS                                     |  1 +
 arch/x86/kernel/sys_x86_64.c                    | 14 ++++++++++++--
 drivers/dax/bus.c                               |  7 +++----
 include/trace/events/memory-failure.h           |  6 +++++-
 mm/compaction.c                                 |  7 +++----
 mm/damon/sysfs-schemes.c                        | 17 +++++++----------
 mm/shrinker.c                                   | 13 +++++++++++--
 mm/shrinker_debug.c                             | 10 ++++++----
 tools/testing/selftests/mm/ksft_process_madv.sh |  2 +-
 9 files changed, 49 insertions(+), 28 deletions(-)
Merging fs-current (f61b6438473dd Merge branch 'fixes' of https://git.kernel.org/pub/scm/linux/kernel/git/viro/vfs.git)
$ git merge -m Merge branch 'fs-current' of linux-next fs-current
Merge made by the 'ort' strategy.
 fs/crypto/fscrypt_private.h |  84 ++++++++++------
 fs/crypto/inline_crypt.c    |   8 +-
 fs/crypto/keyring.c         | 239 +++++++++++++++++++-------------------------
 fs/crypto/keysetup.c        | 118 ++++++++++++++--------
 4 files changed, 233 insertions(+), 216 deletions(-)
Merging kbuild-current/kbuild-fixes-for-next (8cd9520d35a6c Linux 7.1)
$ git merge -m Merge branch 'kbuild-fixes-for-next' of https://git.kernel.org/pub/scm/linux/kernel/git/kbuild/linux.git kbuild-current/kbuild-fixes-for-next
Already up to date.
Merging clang-fixes/clang-fixes-for-next (175db11786bde Disable -Wattribute-alias for clang-23 and newer)
$ git merge -m Merge branch 'clang-fixes-for-next' of https://git.kernel.org/pub/scm/linux/kernel/git/nathan/linux.git clang-fixes/clang-fixes-for-next
Already up to date.
Merging arc-current/for-curr (7aaa8047eafd0 Linux 7.0-rc6)
$ git merge -m Merge branch 'for-curr' of https://git.kernel.org/pub/scm/linux/kernel/git/vgupta/arc.git arc-current/for-curr
Already up to date.
Merging arm-current/fixes (009b6c6486b94 ARM: 9476/1: mm: fix kexec and hibernation with CONFIG_CPU_TTBR0_PAN)
$ git merge -m Merge branch 'fixes' of https://git.kernel.org/pub/scm/linux/kernel/git/rmk/linux.git arm-current/fixes
Already up to date.
Merging arm64-fixes/for-next/fixes (c2ff4764e03e7 arm64: tlb: Flush walk cache when unsharing PMD tables)
$ git merge -m Merge branch 'for-next/fixes' of https://git.kernel.org/pub/scm/linux/kernel/git/arm64/linux arm64-fixes/for-next/fixes
Already up to date.
Merging arm-soc-fixes/arm/fixes (9c648f3554920 Merge tag 'v7.1-rockchip-arm32fixe' of https://git.kernel.org/pub/scm/linux/kernel/git/mmind/linux-rockchip into arm/fixes)
$ git merge -m Merge branch 'arm/fixes' of https://git.kernel.org/pub/scm/linux/kernel/git/soc/soc.git arm-soc-fixes/arm/fixes
Already up to date.
Merging davinci-current/davinci/for-current (254f49634ee16 Linux 7.1-rc1)
$ git merge -m Merge branch 'davinci/for-current' of https://git.kernel.org/pub/scm/linux/kernel/git/brgl/linux.git davinci-current/davinci/for-current
Already up to date.
Merging drivers-memory-fixes/fixes (254f49634ee16 Linux 7.1-rc1)
$ git merge -m Merge branch 'fixes' of https://git.kernel.org/pub/scm/linux/kernel/git/krzk/linux-mem-ctrl.git drivers-memory-fixes/fixes
Already up to date.
Merging sophgo-fixes/fixes (19272b37aa4f8 Linux 6.16-rc1)
$ git merge -m Merge branch 'fixes' of https://github.com/sophgo/linux.git sophgo-fixes/fixes
Already up to date.
Merging sophgo-soc-fixes/soc-fixes (0af2f6be1b428 Linux 6.15-rc1)
$ git merge -m Merge branch 'soc-fixes' of https://github.com/sophgo/linux.git sophgo-soc-fixes/soc-fixes
Already up to date.
Merging m68k-current/for-linus (cb39cf99d88e8 m68k: sun3: Replace vsprintf() with bounded vsnprintf())
$ git merge -m Merge branch 'for-linus' of https://git.kernel.org/pub/scm/linux/kernel/git/geert/linux-m68k.git m68k-current/for-linus
Already up to date.
Merging powerpc-fixes/fixes (5200f5f493f79 Linux 7.1-rc4)
$ git merge -m Merge branch 'fixes' of https://git.kernel.org/pub/scm/linux/kernel/git/powerpc/linux.git powerpc-fixes/fixes
Already up to date.
Merging s390-fixes/fixes (2580f89860460 Merge tag 's390-7.2-2' of git://git.kernel.org/pub/scm/linux/kernel/git/s390/linux)
$ git merge -m Merge branch 'fixes' of https://git.kernel.org/pub/scm/linux/kernel/git/s390/linux.git s390-fixes/fixes
Already up to date.
Merging net/main (805185b7c7a10 Merge tag 'net-7.2-rc1' of git://git.kernel.org/pub/scm/linux/kernel/git/netdev/net)
$ git merge -m Merge branch 'main' of https://git.kernel.org/pub/scm/linux/kernel/git/netdev/net.git net/main
Already up to date.
Merging bpf/master (26490a375cb9b bpf: Fix insn_aux_data leak on verifier err_free_env path)
$ git merge -m Merge branch 'master' of https://git.kernel.org/pub/scm/linux/kernel/git/bpf/bpf.git/ bpf/master
Merge made by the 'ort' strategy.
 kernel/bpf/disasm.c                                |  5 +++-
 kernel/bpf/verifier.c                              | 34 +++++++++++++++-------
 net/core/sock_map.c                                | 20 +++++++++++++
 .../selftests/bpf/prog_tests/sockmap_strp.c        | 31 ++++++++++++++++++++
 .../selftests/bpf/progs/refcounted_kptr_fail.c     | 34 ++++++++++++++++++++++
 .../selftests/bpf/progs/sockmap_parse_prog.c       | 22 --------------
 .../selftests/bpf/progs/test_sockmap_strp.c        |  7 +++++
 .../testing/selftests/bpf/progs/verifier_unpriv.c  | 19 ++++++++++++
 8 files changed, 138 insertions(+), 34 deletions(-)
Merging ipsec/master (805185b7c7a10 Merge tag 'net-7.2-rc1' of git://git.kernel.org/pub/scm/linux/kernel/git/netdev/net)
$ git merge -m Merge branch 'master' of https://git.kernel.org/pub/scm/linux/kernel/git/klassert/ipsec.git ipsec/master
Already up to date.
Merging netfilter/main (fe9f4ee6c61a1 Merge branch 'net-avoid-nested-up-notifier-events')
$ git merge -m Merge branch 'main' of https://git.kernel.org/pub/scm/linux/kernel/git/netfilter/nf.git netfilter/main
Already up to date.
Merging ipvs/main (a986fde914d88 bnx2x: fix potential memory leak in bnx2x_alloc_mem_bp())
$ git merge -m Merge branch 'main' of https://git.kernel.org/pub/scm/linux/kernel/git/horms/ipvs.git ipvs/main
Already up to date.
Merging wireless/for-next (ddd664bbff63e Merge tag 'net-7.1-rc7' of git://git.kernel.org/pub/scm/linux/kernel/git/netdev/net)
$ git merge -m Merge branch 'for-next' of https://git.kernel.org/pub/scm/linux/kernel/git/wireless/wireless.git wireless/for-next
Already up to date.
Merging ath/for-current (ddd664bbff63e Merge tag 'net-7.1-rc7' of git://git.kernel.org/pub/scm/linux/kernel/git/netdev/net)
$ git merge -m Merge branch 'for-current' of https://git.kernel.org/pub/scm/linux/kernel/git/ath/ath.git ath/for-current
Already up to date.
Merging iwlwifi/fixes (093305d801fae wifi: iwlwifi: pcie: simplify the resume flow if fast resume is not used)
$ git merge -m Merge branch 'fixes' of https://git.kernel.org/pub/scm/linux/kernel/git/iwlwifi/iwlwifi-next.git iwlwifi/fixes
Already up to date.
Merging wpan/master (8ce4f287524c7 net: libwx: fix firmware mailbox abnormal return)
$ git merge -m Merge branch 'master' of https://git.kernel.org/pub/scm/linux/kernel/git/wpan/wpan.git wpan/master
Already up to date.
Merging rdma-fixes/for-rc (13e91fd076306 RDMA/srp: bound SRP_RSP sense copy by the received length)
$ git merge -m Merge branch 'for-rc' of https://git.kernel.org/pub/scm/linux/kernel/git/rdma/rdma.git rdma-fixes/for-rc
Already up to date.
Merging sound-current/for-linus (e1e31e0ec8a60 ALSA: FCP: Fix NULL pointer dereference in interface lookup)
$ git merge -m Merge branch 'for-linus' of https://git.kernel.org/pub/scm/linux/kernel/git/tiwai/sound.git sound-current/for-linus
Auto-merging drivers/soundwire/bus.c
Merge made by the 'ort' strategy.
 drivers/soundwire/bus.c                            |  28 ---
 include/linux/soundwire/sdw.h                      |  38 ++-
 include/sound/soc-component.h                      |   4 +
 include/sound/tas2781.h                            |   4 +-
 sound/core/compress_offload.c                      |  13 +-
 sound/core/pcm_lib.c                               |   2 +-
 sound/core/seq/seq_memory.c                        |   2 +-
 sound/firewire/isight.c                            |   3 +-
 sound/hda/codecs/conexant.c                        |  12 +
 sound/hda/codecs/realtek/alc269.c                  |  10 +
 .../hda/codecs/side-codecs/cs35l41_hda_property.c  |   2 +
 sound/pci/emu10k1/emupcm.c                         |  18 +-
 sound/sh/aica.c                                    |   8 +-
 sound/soc/codecs/cs530x.c                          |  29 ++-
 sound/soc/codecs/cs530x.h                          |   6 -
 sound/soc/codecs/es9356.c                          |   4 +-
 sound/soc/codecs/max98373-sdw.c                    |   4 +-
 sound/soc/codecs/pcm512x.c                         |   2 +-
 sound/soc/codecs/rt1017-sdca-sdw.c                 |   4 +-
 sound/soc/codecs/rt1308-sdw.c                      |   4 +-
 sound/soc/codecs/rt1316-sdw.c                      |   4 +-
 sound/soc/codecs/rt5575-spi.c                      |   2 +-
 sound/soc/codecs/rt5645.c                          |   6 +-
 sound/soc/codecs/rt5645.h                          |   1 +
 sound/soc/codecs/rt5682-sdw.c                      |   4 +-
 sound/soc/codecs/rt700-sdw.c                       |   4 +-
 sound/soc/codecs/rt711-sdca-sdw.c                  |   4 +-
 sound/soc/codecs/rt712-sdca-dmic.c                 |   4 +-
 sound/soc/codecs/rt712-sdca-sdw.c                  |   4 +-
 sound/soc/codecs/rt715-sdca-sdw.c                  |   4 +-
 sound/soc/codecs/rt715-sdw.c                       |   4 +-
 sound/soc/codecs/rt721-sdca-sdw.c                  |   4 +-
 sound/soc/codecs/rt722-sdca-sdw.c                  |   4 +-
 sound/soc/codecs/tac5xx2-sdw.c                     |   4 +-
 sound/soc/codecs/tas2783-sdw.c                     |  77 ++++--
 sound/soc/codecs/tlv320aic3x.c                     |  25 +-
 sound/soc/fsl/fsl_asrc_dma.c                       |  20 ++
 sound/soc/generic/audio-graph-card2.c              |  12 -
 sound/soc/qcom/qdsp6/q6apm.c                       |   8 +
 sound/soc/rockchip/rockchip_sai.c                  | 275 +++++++++++----------
 sound/soc/sdca/sdca_asoc.c                         |   3 +
 sound/soc/soc-core.c                               |  35 ++-
 sound/usb/caiaq/input.c                            |  12 +-
 sound/usb/fcp.c                                    |   2 +
 sound/usb/midi2.c                                  |   5 +
 sound/usb/mixer_quirks.c                           |  41 +--
 sound/usb/qcom/qc_audio_offload.c                  |  16 +-
 sound/usb/quirks-table.h                           |  14 ++
 sound/usb/quirks.c                                 |   2 +
 49 files changed, 481 insertions(+), 316 deletions(-)
Merging sound-asoc-fixes/for-linus (e67251245f42e Merge remote-tracking branch 'asoc/for-7.1' into asoc-linus)
$ git merge -m Merge branch 'for-linus' of https://git.kernel.org/pub/scm/linux/kernel/git/broonie/sound.git sound-asoc-fixes/for-linus
Merge made by the 'ort' strategy.
Merging regmap-fixes/for-linus (9df54deb2b174 Merge remote-tracking branch 'regmap/for-7.1' into regmap-linus)
$ git merge -m Merge branch 'for-linus' of https://git.kernel.org/pub/scm/linux/kernel/git/broonie/regmap.git regmap-fixes/for-linus
Merge made by the 'ort' strategy.
 drivers/base/regmap/regcache.c | 2 +-
 1 file changed, 1 insertion(+), 1 deletion(-)
Merging regulator-fixes/for-linus (e6be7b86748ee Merge remote-tracking branch 'regulator/for-7.1' into regulator-linus)
$ git merge -m Merge branch 'for-linus' of https://git.kernel.org/pub/scm/linux/kernel/git/broonie/regulator.git regulator-fixes/for-linus
Merge made by the 'ort' strategy.
 drivers/regulator/da9121-regulator.c  | 18 +++++++++---------
 drivers/regulator/pca9450-regulator.c |  7 ++++++-
 2 files changed, 15 insertions(+), 10 deletions(-)
Merging spi-fixes/for-linus (68a93ef17e2b2 Merge remote-tracking branch 'spi/for-7.1' into spi-linus)
$ git merge -m Merge branch 'for-linus' of https://git.kernel.org/pub/scm/linux/kernel/git/broonie/spi.git spi-fixes/for-linus
Auto-merging drivers/spi/spi.c
Merge made by the 'ort' strategy.
 Documentation/devicetree/bindings/spi/snps,dw-apb-ssi.yaml |  6 ++++++
 drivers/spi/spi-dw-mmio.c                                  |  1 +
 drivers/spi/spi-dw.h                                       |  1 +
 drivers/spi/spi-imx.c                                      |  3 ++-
 drivers/spi/spi-rpc-if.c                                   |  6 +++++-
 drivers/spi/spi-sh-msiof.c                                 | 10 ++++++----
 drivers/spi/spi-uniphier.c                                 |  4 ++--
 drivers/spi/spi.c                                          | 13 ++++++++++---
 8 files changed, 33 insertions(+), 11 deletions(-)
Merging pci-current/for-linus (26ae421f7f49f Merge tag 'pci-v7.2-changes' of git://git.kernel.org/pub/scm/linux/kernel/git/pci/pci)
$ git merge -m Merge branch 'for-linus' of https://git.kernel.org/pub/scm/linux/kernel/git/pci/pci.git pci-current/for-linus
Already up to date.
Merging driver-core.current/driver-core-linus (502d801f0ab03 Merge tag 'erofs-for-7.2-rc1' of git://git.kernel.org/pub/scm/linux/kernel/git/xiang/erofs)
$ git merge -m Merge branch 'driver-core-linus' of https://git.kernel.org/pub/scm/linux/kernel/git/driver-core/driver-core.git driver-core.current/driver-core-linus
Already up to date.
Merging tty.current/tty-linus (502d801f0ab03 Merge tag 'erofs-for-7.2-rc1' of git://git.kernel.org/pub/scm/linux/kernel/git/xiang/erofs)
$ git merge -m Merge branch 'tty-linus' of https://git.kernel.org/pub/scm/linux/kernel/git/gregkh/tty.git tty.current/tty-linus
Already up to date.
Merging usb.current/usb-linus (8c6314489550f usb: misc: usbio: bound bulk IN response length to the received transfer)
$ git merge -m Merge branch 'usb-linus' of https://git.kernel.org/pub/scm/linux/kernel/git/gregkh/usb.git usb.current/usb-linus
Merge made by the 'ort' strategy.
 .../ABI/testing/sysfs-bus-pci-drivers-xhci_hcd     |  2 +-
 drivers/usb/atm/ueagle-atm.c                       | 36 +++++++++++--
 drivers/usb/cdns3/cdnsp-mem.c                      |  2 +
 drivers/usb/class/cdc-acm.c                        |  3 ++
 drivers/usb/common/ulpi.c                          | 23 ++++----
 drivers/usb/core/quirks.c                          |  6 +++
 drivers/usb/dwc3/dwc3-meson-g12a.c                 | 14 +++--
 drivers/usb/gadget/composite.c                     |  5 +-
 drivers/usb/gadget/function/f_fs.c                 |  9 ++--
 drivers/usb/host/xhci-dbgcap.c                     | 60 ++++++++++++++++++++-
 drivers/usb/host/xhci-dbgcap.h                     |  3 ++
 drivers/usb/misc/idmouse.c                         | 45 ++++++++--------
 drivers/usb/misc/iowarrior.c                       | 61 ++++++++++------------
 drivers/usb/misc/ldusb.c                           | 38 +++++++-------
 drivers/usb/misc/legousbtower.c                    | 37 ++++++-------
 drivers/usb/misc/usbio.c                           |  4 ++
 drivers/usb/mtu3/mtu3_gadget.c                     |  1 +
 drivers/usb/storage/usb.c                          |  2 +-
 drivers/usb/typec/tcpm/tcpm.c                      |  5 ++
 drivers/usb/typec/ucsi/displayport.c               |  4 +-
 drivers/usb/typec/ucsi/ucsi_ccg.c                  |  2 +-
 21 files changed, 231 insertions(+), 131 deletions(-)
Merging usb-serial-fixes/usb-linus (96d47e40bf9db USB: serial: kl5kusb105: fix bulk-out buffer overflow)
$ git merge -m Merge branch 'usb-linus' of https://git.kernel.org/pub/scm/linux/kernel/git/johan/usb-serial.git usb-serial-fixes/usb-linus
Already up to date.
Merging phy/fixes (e7ae89a0c97ce Linux 7.1-rc5)
$ git merge -m Merge branch 'fixes' of https://git.kernel.org/pub/scm/linux/kernel/git/phy/linux-phy.git phy/fixes
Already up to date.
Merging staging.current/staging-linus (ab9de95c9cf95 Merge tag 'rust-7.2-2' of git://git.kernel.org/pub/scm/linux/kernel/git/ojeda/linux)
$ git merge -m Merge branch 'staging-linus' of https://git.kernel.org/pub/scm/linux/kernel/git/gregkh/staging.git staging.current/staging-linus
Already up to date.
Merging iio-fixes/fixes-togreg (9c6acc6e6555d iio: common: st_sensors: honour channel endianness in read_axis_data)
$ git merge -m Merge branch 'fixes-togreg' of https://git.kernel.org/pub/scm/linux/kernel/git/jic23/iio.git iio-fixes/fixes-togreg
Merge made by the 'ort' strategy.
 drivers/hid/hid-sensor-hub.c                    | 77 +++++++++++++++++++++++--
 drivers/iio/accel/bmc150-accel-core.c           |  2 +
 drivers/iio/accel/kxsd9.c                       |  5 +-
 drivers/iio/adc/Kconfig                         |  1 +
 drivers/iio/adc/lpc32xx_adc.c                   |  4 +-
 drivers/iio/adc/spear_adc.c                     |  3 +-
 drivers/iio/adc/ti-ads1119.c                    |  6 +-
 drivers/iio/common/st_sensors/st_sensors_core.c | 23 ++++++--
 drivers/iio/dac/mcp47feb02.c                    | 37 +++++++-----
 drivers/iio/imu/adis_trigger.c                  |  2 +-
 drivers/iio/imu/bmi160/bmi160_core.c            |  3 +-
 drivers/iio/light/gp2ap002.c                    |  2 +-
 drivers/iio/orientation/hid-sensor-rotation.c   | 40 ++++++++++++-
 drivers/iio/pressure/mpl115.c                   |  4 +-
 include/linux/hid-sensor-hub.h                  | 25 ++++++++
 15 files changed, 193 insertions(+), 41 deletions(-)
Merging watchdog-fixes/watchdog (367937951ffca watchdog: ni903x_wdt: Check ACPI_COMPANION() against NULL)
$ git merge -m Merge branch 'watchdog' of https://git.kernel.org/pub/scm/linux/kernel/git/groeck/linux-staging.git watchdog-fixes/watchdog
Merge made by the 'ort' strategy.
 drivers/watchdog/ni903x_wdt.c | 7 ++++++-
 drivers/watchdog/s32g_wdt.c   | 3 +--
 2 files changed, 7 insertions(+), 3 deletions(-)
Merging counter-current/counter-current (d9eeb0ea0d2de counter: Fix refcount leak in counter_alloc() error path)
$ git merge -m Merge branch 'counter-current' of https://git.kernel.org/pub/scm/linux/kernel/git/wbg/counter.git counter-current/counter-current
Already up to date.
Merging char-misc.current/char-misc-linus (502d801f0ab03 Merge tag 'erofs-for-7.2-rc1' of git://git.kernel.org/pub/scm/linux/kernel/git/xiang/erofs)
$ git merge -m Merge branch 'char-misc-linus' of https://git.kernel.org/pub/scm/linux/kernel/git/gregkh/char-misc.git char-misc.current/char-misc-linus
Already up to date.
Merging soundwire-fixes/fixes (254f49634ee16 Linux 7.1-rc1)
$ git merge -m Merge branch 'fixes' of https://git.kernel.org/pub/scm/linux/kernel/git/vkoul/soundwire.git soundwire-fixes/fixes
Already up to date.
Merging thunderbolt-fixes/fixes (db79679595326 thunderbolt: Bound the DROM dual link port number before indexing sw->ports)
$ git merge -m Merge branch 'fixes' of https://git.kernel.org/pub/scm/linux/kernel/git/westeri/thunderbolt.git thunderbolt-fixes/fixes
Merge made by the 'ort' strategy.
 drivers/thunderbolt/eeprom.c | 9 ++++++++-
 drivers/thunderbolt/stream.c | 2 +-
 drivers/thunderbolt/tb.c     | 2 +-
 3 files changed, 10 insertions(+), 3 deletions(-)
Merging input-current/for-linus (d577e46785d45 Input: synaptics-rmi4 - bound the F30 keymap to the GPIO/LED count)
$ git merge -m Merge branch 'for-linus' of https://git.kernel.org/pub/scm/linux/kernel/git/dtor/input.git input-current/for-linus
Merge made by the 'ort' strategy.
 drivers/input/rmi4/rmi_f30.c | 2 +-
 drivers/input/rmi4/rmi_f3a.c | 2 +-
 2 files changed, 2 insertions(+), 2 deletions(-)
Merging crypto-current/master (6ea0ce3a19f9c crypto: tegra - fix refcount leak in tegra_se_host1x_submit())
$ git merge -m Merge branch 'master' of https://git.kernel.org/pub/scm/linux/kernel/git/herbert/crypto-2.6.git crypto-current/master
Already up to date.
Merging libcrypto-fixes/libcrypto-fixes (254f49634ee16 Linux 7.1-rc1)
$ git merge -m Merge branch 'libcrypto-fixes' of https://git.kernel.org/pub/scm/linux/kernel/git/ebiggers/linux.git libcrypto-fixes/libcrypto-fixes
Already up to date.
Merging vfio-fixes/for-linus (702809dabdecc vfio/pci: Check BAR resources before exporting a DMABUF)
$ git merge -m Merge branch 'for-linus' of https://github.com/awilliam/linux-vfio.git vfio-fixes/for-linus
Already up to date.
Merging kselftest-fixes/fixes (465b05bae5ac5 selftests: harness: Restore order of test functions)
$ git merge -m Merge branch 'fixes' of https://git.kernel.org/pub/scm/linux/kernel/git/shuah/linux-kselftest.git kselftest-fixes/fixes
Already up to date.
Merging dmaengine-fixes/fixes (254f49634ee16 Linux 7.1-rc1)
$ git merge -m Merge branch 'fixes' of https://git.kernel.org/pub/scm/linux/kernel/git/vkoul/dmaengine.git dmaengine-fixes/fixes
Already up to date.
Merging backlight-fixes/for-backlight-fixes (8f0b4cce4481f Linux 6.19-rc1)
$ git merge -m Merge branch 'for-backlight-fixes' of https://git.kernel.org/pub/scm/linux/kernel/git/lee/backlight.git backlight-fixes/for-backlight-fixes
Already up to date.
Merging mtd-fixes/mtd/fixes (135ac3b84bced mtd: spinand: winbond: Fix ODTR write VCR on W35NxxJW)
$ git merge -m Merge branch 'mtd/fixes' of https://git.kernel.org/pub/scm/linux/kernel/git/mtd/linux.git mtd-fixes/mtd/fixes
Already up to date.
Merging mfd-fixes/for-mfd-fixes (aa6e63373d91f mfd: ls2kbmc: Use PCI API instead of direct accesses)
$ git merge -m Merge branch 'for-mfd-fixes' of https://git.kernel.org/pub/scm/linux/kernel/git/lee/mfd.git mfd-fixes/for-mfd-fixes
Merge made by the 'ort' strategy.
Merging v4l-dvb-fixes/fixes (171022c7d594c media: rc: igorplugusb: fix control request setup packet)
$ git merge -m Merge branch 'fixes' of git://linuxtv.org/media-ci/media-pending.git v4l-dvb-fixes/fixes
Already up to date.
Merging reset-fixes/reset/fixes (6902a3789e555 reset: imx7: Correct polarity of MIPI CSI resets on i.MX8MQ)
$ git merge -m Merge branch 'reset/fixes' of https://git.pengutronix.de/git/pza/linux reset-fixes/reset/fixes
Merge made by the 'ort' strategy.
 drivers/reset/reset-imx7.c                   | 6 ++++++
 drivers/reset/reset-sunxi.c                  | 4 +++-
 drivers/reset/spacemit/reset-spacemit-k3.c   | 2 +-
 include/dt-bindings/reset/altr,rst-mgr-s10.h | 2 +-
 4 files changed, 11 insertions(+), 3 deletions(-)
Merging mips-fixes/mips-fixes (e7ae89a0c97ce Linux 7.1-rc5)
$ git merge -m Merge branch 'mips-fixes' of https://git.kernel.org/pub/scm/linux/kernel/git/mips/linux.git mips-fixes/mips-fixes
Already up to date.
Merging at91-fixes/at91-fixes (765aaba18413a ARM: dts: microchip: sam9x7: fix GMAC clock configuration)
$ git merge -m Merge branch 'at91-fixes' of https://git.kernel.org/pub/scm/linux/kernel/git/at91/linux.git at91-fixes/at91-fixes
Already up to date.
Merging omap-fixes/fixes (254f49634ee16 Linux 7.1-rc1)
$ git merge -m Merge branch 'fixes' of https://git.kernel.org/pub/scm/linux/kernel/git/khilman/linux-omap.git omap-fixes/fixes
Already up to date.
Merging kvm-fixes/master (098e32cba334d x86/apic: KVM: Use cpu_physical_id() to get APIC ID of running vCPU for AVIC)
$ git merge -m Merge branch 'master' of git://git.kernel.org/pub/scm/virt/kvm/kvm.git kvm-fixes/master
Already up to date.
Merging kvms390-fixes/master (4cb62e371ffad KVM: s390: pci: Fix GISC refcount leak on AIF enable failure)
$ git merge -m Merge branch 'master' of https://git.kernel.org/pub/scm/linux/kernel/git/kvms390/linux.git kvms390-fixes/master
Merge made by the 'ort' strategy.
 arch/s390/kvm/pci.c | 1 +
 1 file changed, 1 insertion(+)
Merging kvm-arm-fixes/fixes (d098bb75d14fd KVM: arm64: account pKVM reclaim against the VM mm)
$ git merge -m Merge branch 'fixes' of https://git.kernel.org/pub/scm/linux/kernel/git/kvmarm/kvmarm.git kvm-arm-fixes/fixes
Auto-merging MAINTAINERS
Auto-merging arch/arm64/include/asm/kvm_nested.h
Auto-merging arch/arm64/kvm/at.c
Auto-merging arch/arm64/kvm/hyp/include/hyp/switch.h
Auto-merging arch/arm64/kvm/nested.c
Merge made by the 'ort' strategy.
 MAINTAINERS                             |   1 +
 arch/arm64/include/asm/kvm_nested.h     |   8 ++
 arch/arm64/kvm/at.c                     |   8 --
 arch/arm64/kvm/emulate-nested.c         |  41 +++++---
 arch/arm64/kvm/hyp/include/hyp/switch.h |  11 ++-
 arch/arm64/kvm/hyp/nvhe/pkvm.c          |   3 +-
 arch/arm64/kvm/hyp/nvhe/sys_regs.c      |   3 +-
 arch/arm64/kvm/inject_fault.c           |  18 +---
 arch/arm64/kvm/nested.c                 | 164 ++++++++++++++++----------------
 arch/arm64/kvm/pkvm.c                   |   2 +-
 arch/arm64/kvm/vgic/vgic.c              |  20 ++--
 11 files changed, 151 insertions(+), 128 deletions(-)
Merging hwmon-fixes/hwmon (e7ae89a0c97ce Linux 7.1-rc5)
$ git merge -m Merge branch 'hwmon' of https://git.kernel.org/pub/scm/linux/kernel/git/groeck/linux-staging.git hwmon-fixes/hwmon
Already up to date.
Merging nvdimm-fixes/libnvdimm-fixes (a8aec14230322 nvdimm/bus: Fix potential use after free in asynchronous initialization)
$ git merge -m Merge branch 'libnvdimm-fixes' of https://git.kernel.org/pub/scm/linux/kernel/git/nvdimm/nvdimm.git nvdimm-fixes/libnvdimm-fixes
Already up to date.
Merging cxl-fixes/fixes (d90f236f8b9e3 cxl/test: Update mock dev array before calling platform_device_add())
$ git merge -m Merge branch 'fixes' of https://git.kernel.org/pub/scm/linux/kernel/git/cxl/cxl.git cxl-fixes/fixes
Already up to date.
Merging dma-mapping-fixes/dma-mapping-fixes (8cd9520d35a6c Linux 7.1)
$ git merge -m Merge branch 'dma-mapping-fixes' of https://git.kernel.org/pub/scm/linux/kernel/git/mszyprowski/linux.git dma-mapping-fixes/dma-mapping-fixes
Already up to date.
Merging drivers-x86-fixes/fixes (f31c00c377ccf Merge tag 'platform-drivers-x86-v7.2-1' of git://git.kernel.org/pub/scm/linux/kernel/git/pdx86/platform-drivers-x86)
$ git merge -m Merge branch 'fixes' of https://git.kernel.org/pub/scm/linux/kernel/git/pdx86/platform-drivers-x86.git drivers-x86-fixes/fixes
Already up to date.
Merging samsung-krzk-fixes/fixes (7fe40c32a3390 firmware: samsung: acpm: Fix infinite loop on sequence number exhaustion)
$ git merge -m Merge branch 'fixes' of https://git.kernel.org/pub/scm/linux/kernel/git/krzk/linux.git samsung-krzk-fixes/fixes
Already up to date.
Merging pinctrl-samsung-fixes/fixes (254f49634ee16 Linux 7.1-rc1)
$ git merge -m Merge branch 'fixes' of https://git.kernel.org/pub/scm/linux/kernel/git/pinctrl/samsung.git pinctrl-samsung-fixes/fixes
Already up to date.
Merging devicetree-fixes/dt/linus (b39a6b2e9d5bd dt-bindings: mfd: khadas,mcu: Drop type reference from "fan-supply")
$ git merge -m Merge branch 'dt/linus' of https://git.kernel.org/pub/scm/linux/kernel/git/robh/linux.git devicetree-fixes/dt/linus
Merge made by the 'ort' strategy.
 .../bindings/clock/renesas,cpg-div6-clock.yaml     |  2 +-
 .../devicetree/bindings/mfd/khadas,mcu.yaml        |  1 -
 .../bindings/regulator/sprd,sc2730-regulator.yaml  | 44 ++++++++++++++++++++++
 .../bindings/thermal/amlogic,thermal.yaml          |  5 ++-
 drivers/of/base.c                                  |  4 +-
 drivers/of/property.c                              |  8 ++++
 6 files changed, 59 insertions(+), 5 deletions(-)
 create mode 100644 Documentation/devicetree/bindings/regulator/sprd,sc2730-regulator.yaml
Merging dt-krzk-fixes/fixes (254f49634ee16 Linux 7.1-rc1)
$ git merge -m Merge branch 'fixes' of https://git.kernel.org/pub/scm/linux/kernel/git/krzk/linux-dt.git dt-krzk-fixes/fixes
Already up to date.
Merging scsi-fixes/fixes (5d5221f8a4064 scsi: devinfo: Broaden Promise VTrak E310/E610 identification)
$ git merge -m Merge branch 'fixes' of https://git.kernel.org/pub/scm/linux/kernel/git/mkp/scsi.git scsi-fixes/fixes
Already up to date.
Merging drm-fixes/drm-fixes (8cd9520d35a6c Linux 7.1)
$ git merge -m Merge branch 'drm-fixes' of https://gitlab.freedesktop.org/drm/kernel.git drm-fixes/drm-fixes
Already up to date.
Merging drm-intel-fixes/for-linux-next-fixes (8cd9520d35a6c Linux 7.1)
$ git merge -m Merge branch 'for-linux-next-fixes' of https://gitlab.freedesktop.org/drm/i915/kernel.git drm-intel-fixes/for-linux-next-fixes
Already up to date.
Merging mmc-fixes/fixes (f595e8e77a51e mmc: sdhci: add signal voltage switch in sdhci_resume_host)
$ git merge -m Merge branch 'fixes' of https://git.kernel.org/pub/scm/linux/kernel/git/ulfh/mmc.git mmc-fixes/fixes
Already up to date.
Merging rtc-fixes/rtc-fixes (254f49634ee16 Linux 7.1-rc1)
$ git merge -m Merge branch 'rtc-fixes' of https://git.kernel.org/pub/scm/linux/kernel/git/abelloni/linux.git rtc-fixes/rtc-fixes
Already up to date.
Merging gnss-fixes/gnss-linus (5d6919055dec1 Linux 7.1-rc3)
$ git merge -m Merge branch 'gnss-linus' of https://git.kernel.org/pub/scm/linux/kernel/git/johan/gnss.git gnss-fixes/gnss-linus
Already up to date.
Merging hyperv-fixes/hyperv-fixes (98e0fc32e53dd mshv: support 1G hugepages by passing them as 2M-aligned chunks)
$ git merge -m Merge branch 'hyperv-fixes' of https://git.kernel.org/pub/scm/linux/kernel/git/hyperv/linux.git hyperv-fixes/hyperv-fixes
Already up to date.
Merging risc-v-fixes/fixes (c4c7756a81b5b riscv: Fix 32-bit call_on_irq_stack() frame pointer ABI)
$ git merge -m Merge branch 'fixes' of https://git.kernel.org/pub/scm/linux/kernel/git/riscv/linux.git risc-v-fixes/fixes
Merge made by the 'ort' strategy.
 arch/riscv/Kconfig               |  3 ++-
 arch/riscv/kernel/asm-offsets.c  |  4 ++--
 arch/riscv/kernel/entry.S        |  8 ++++----
 arch/riscv/kernel/smpboot.c      |  5 ++---
 arch/riscv/kernel/vdso/note.S    |  3 +++
 drivers/acpi/riscv/rimt.c        |  7 ++++---
 lib/raid/raid6/riscv/recov_rvv.c |  1 +
 lib/raid/raid6/riscv/rvv.c       |  1 +
 scripts/sorttable.c              | 11 ++++++++---
 9 files changed, 27 insertions(+), 16 deletions(-)
Merging riscv-dt-fixes/riscv-dt-fixes (0df8aa2b9aec5 riscv: dts: microchip: fix icicle i2c pinctrl configuration)
$ git merge -m Merge branch 'riscv-dt-fixes' of https://git.kernel.org/pub/scm/linux/kernel/git/conor/linux.git riscv-dt-fixes/riscv-dt-fixes
Already up to date.
Merging riscv-soc-fixes/riscv-soc-fixes (75ef233975589 soc: microchip: mpfs-sys-controller: fix resource leak on probe error)
$ git merge -m Merge branch 'riscv-soc-fixes' of https://git.kernel.org/pub/scm/linux/kernel/git/conor/linux.git riscv-soc-fixes/riscv-soc-fixes
Already up to date.
Merging fpga-fixes/fixes (19272b37aa4f8 Linux 6.16-rc1)
$ git merge -m Merge branch 'fixes' of https://git.kernel.org/pub/scm/linux/kernel/git/fpga/linux-fpga.git fpga-fixes/fixes
Already up to date.
Merging spdx/spdx-linus (502d801f0ab03 Merge tag 'erofs-for-7.2-rc1' of git://git.kernel.org/pub/scm/linux/kernel/git/xiang/erofs)
$ git merge -m Merge branch 'spdx-linus' of https://git.kernel.org/pub/scm/linux/kernel/git/gregkh/spdx.git spdx/spdx-linus
Already up to date.
Merging gpio-brgl-fixes/gpio/for-current (4e8eb6952aa67 gpio: davinci: fix IRQ domain leak on devm_kzalloc failure)
$ git merge -m Merge branch 'gpio/for-current' of https://git.kernel.org/pub/scm/linux/kernel/git/brgl/linux.git gpio-brgl-fixes/gpio/for-current
Already up to date.
Merging gpio-intel-fixes/fixes (3bb62e3f99a55 gpiolib: acpi: Only trigger ActiveBoth interrupts on boot)
$ git merge -m Merge branch 'fixes' of https://git.kernel.org/pub/scm/linux/kernel/git/andy/linux-gpio-intel.git gpio-intel-fixes/fixes
Already up to date.
Merging pinctrl-intel-fixes/fixes (254f49634ee16 Linux 7.1-rc1)
$ git merge -m Merge branch 'fixes' of https://git.kernel.org/pub/scm/linux/kernel/git/pinctrl/intel.git pinctrl-intel-fixes/fixes
Already up to date.
Merging auxdisplay-fixes/fixes (254f49634ee16 Linux 7.1-rc1)
$ git merge -m Merge branch 'fixes' of https://git.kernel.org/pub/scm/linux/kernel/git/andy/linux-auxdisplay.git auxdisplay-fixes/fixes
Already up to date.
Merging kunit-fixes/kunit-fixes (fb6988b83b4ca kunit: fix use-after-free in debugfs when using kunit.filter)
$ git merge -m Merge branch 'kunit-fixes' of https://git.kernel.org/pub/scm/linux/kernel/git/shuah/linux-kselftest.git kunit-fixes/kunit-fixes
Already up to date.
Merging memblock-fixes/fixes (7c2eee9c13673 memblock: don't touch memblock arrays when memblock_free() is called late)
$ git merge -m Merge branch 'fixes' of https://git.kernel.org/pub/scm/linux/kernel/git/rppt/memblock.git memblock-fixes/fixes
Already up to date.
Merging renesas-fixes/fixes (8a78d1c454b3c Merge branch 'renesas-pinctrl-fixes-for-v7.1' into renesas-fixes)
$ git merge -m Merge branch 'fixes' of https://git.kernel.org/pub/scm/linux/kernel/git/geert/renesas-devel.git renesas-fixes/fixes
Merge made by the 'ort' strategy.
Merging perf-current/perf-tools (558ef39aeb9a0 Merge tag 'dmaengine-7.2-rc1' of git://git.kernel.org/pub/scm/linux/kernel/git/vkoul/dmaengine)
$ git merge -m Merge branch 'perf-tools' of https://git.kernel.org/pub/scm/linux/kernel/git/perf/perf-tools.git perf-current/perf-tools
Already up to date.
Merging efi-fixes/urgent (d8809f6931065 efi: sysfb_efi: Extend quirk to cover IdeaPad Duet 3 10IGL5-LTE)
$ git merge -m Merge branch 'urgent' of https://git.kernel.org/pub/scm/linux/kernel/git/efi/efi.git efi-fixes/urgent
Already up to date.
Merging battery-fixes/fixes (254f49634ee16 Linux 7.1-rc1)
$ git merge -m Merge branch 'fixes' of https://git.kernel.org/pub/scm/linux/kernel/git/sre/linux-power-supply.git battery-fixes/fixes
Already up to date.
Merging iommufd-fixes/for-rc (be93d186ae88a iommufd: Use sizeof(*hdr) instead of sizeof(hdr) in veventq read)
$ git merge -m Merge branch 'for-rc' of https://git.kernel.org/pub/scm/linux/kernel/git/jgg/iommufd.git iommufd-fixes/for-rc
Already up to date.
Merging rust-fixes/rust-fixes (4edcdefd4083a Merge tag 'bpf-fixes' of git://git.kernel.org/pub/scm/linux/kernel/git/bpf/bpf)
$ git merge -m Merge branch 'rust-fixes' of https://github.com/Rust-for-Linux/linux.git rust-fixes/rust-fixes
Already up to date.
Merging w1-fixes/fixes (254f49634ee16 Linux 7.1-rc1)
$ git merge -m Merge branch 'fixes' of https://git.kernel.org/pub/scm/linux/kernel/git/krzk/linux-w1.git w1-fixes/fixes
Already up to date.
Merging pmdomain-fixes/fixes (fba0510cd6266 pmdomain: imx: fix OF node refcount)
$ git merge -m Merge branch 'fixes' of https://git.kernel.org/pub/scm/linux/kernel/git/ulfh/linux-pm.git pmdomain-fixes/fixes
Already up to date.
Merging i2c-host-fixes/i2c/i2c-host-fixes (10dd1a736d557 i2c: i801: fix hardware state machine corruption in error path)
$ git merge -m Merge branch 'i2c/i2c-host-fixes' of https://git.kernel.org/pub/scm/linux/kernel/git/andi.shyti/linux.git i2c-host-fixes/i2c/i2c-host-fixes
Merge made by the 'ort' strategy.
 drivers/i2c/busses/i2c-i801.c | 2 +-
 drivers/i2c/busses/i2c-mpc.c  | 2 +-
 2 files changed, 2 insertions(+), 2 deletions(-)
Merging i2c-rust-fixes/rust-i2c-fixes (4eb422482ca5d rust: i2c: fix I2cAdapter refcounts double increment)
$ git merge -m Merge branch 'rust-i2c-fixes' of https://github.com/ikrtn/rust-for-linux i2c-rust-fixes/rust-i2c-fixes
Already up to date.
Merging sparc-fixes/for-linus (254f49634ee16 Linux 7.1-rc1)
$ git merge -m Merge branch 'for-linus' of https://git.kernel.org/pub/scm/linux/kernel/git/alarsson/linux-sparc.git sparc-fixes/for-linus
Already up to date.
Merging clk-fixes/clk-fixes (f29a24c947054 Merge tag 'qcom-clk-fixes-for-7.1' of https://git.kernel.org/pub/scm/linux/kernel/git/qcom/linux into clk-fixes)
$ git merge -m Merge branch 'clk-fixes' of https://git.kernel.org/pub/scm/linux/kernel/git/clk/linux.git clk-fixes/clk-fixes
Already up to date.
Merging thead-clk-fixes/thead-clk-fixes (8f0b4cce4481f Linux 6.19-rc1)
$ git merge -m Merge branch 'thead-clk-fixes' of https://git.kernel.org/pub/scm/linux/kernel/git/fustini/linux.git thead-clk-fixes/thead-clk-fixes
Already up to date.
Merging tenstorrent-clk-fixes/tenstorrent-clk-fixes (6de23f81a5e08 Linux 7.0-rc1)
$ git merge -m Merge branch 'tenstorrent-clk-fixes' of https://git.kernel.org/pub/scm/linux/kernel/git/tenstorrent/linux.git tenstorrent-clk-fixes/tenstorrent-clk-fixes
Already up to date.
Merging fustini-config-fixes/riscv-config-fixes (254f49634ee16 Linux 7.1-rc1)
$ git merge -m Merge branch 'riscv-config-fixes' of https://git.kernel.org/pub/scm/linux/kernel/git/fustini/linux.git fustini-config-fixes/riscv-config-fixes
Already up to date.
Merging pwrseq-fixes/pwrseq/for-current (2d5a7d406ecec power: sequencing: fix ABBA deadlock in pwrseq_device_unregister())
$ git merge -m Merge branch 'pwrseq/for-current' of https://git.kernel.org/pub/scm/linux/kernel/git/brgl/linux.git pwrseq-fixes/pwrseq/for-current
Already up to date.
Merging thead-dt-fixes/thead-dt-fixes (254f49634ee16 Linux 7.1-rc1)
$ git merge -m Merge branch 'thead-dt-fixes' of https://git.kernel.org/pub/scm/linux/kernel/git/fustini/linux.git thead-dt-fixes/thead-dt-fixes
Already up to date.
Merging ftrace-fixes/ftrace/fixes (1650a1b6cb1ae fgraph: Check ftrace_pids_enabled on registration for early filtering)
$ git merge -m Merge branch 'ftrace/fixes' of https://git.kernel.org/pub/scm/linux/kernel/git/trace/linux-trace.git ftrace-fixes/ftrace/fixes
Already up to date.
Merging ring-buffer-fixes/ring-buffer/fixes (057caace5214d tracing: Create output file from cmd_check_undefined)
$ git merge -m Merge branch 'ring-buffer/fixes' of https://git.kernel.org/pub/scm/linux/kernel/git/trace/linux-trace.git ring-buffer-fixes/ring-buffer/fixes
Already up to date.
Merging trace-fixes/trace/fixes (9cbc3d9806d31 tracing: Remove trace_printk.h from kernel.h)
$ git merge -m Merge branch 'trace/fixes' of https://git.kernel.org/pub/scm/linux/kernel/git/trace/linux-trace.git trace-fixes/trace/fixes
Merge made by the 'ort' strategy.
 arch/powerpc/kvm/book3s_xics.c         |  1 +
 arch/powerpc/xmon/xmon.c               |  1 +
 arch/s390/kernel/ipl.c                 |  1 +
 arch/s390/kernel/machine_kexec.c       |  1 +
 drivers/gpu/drm/i915/gt/intel_gtt.h    |  1 +
 drivers/gpu/drm/i915/i915_gem.h        |  2 ++
 drivers/hwtracing/stm/dummy_stm.c      |  1 +
 drivers/infiniband/hw/hfi1/trace_dbg.h |  1 +
 drivers/tty/sysrq.c                    |  1 +
 drivers/usb/early/xhci-dbc.c           |  1 +
 fs/ext4/inline.c                       |  1 +
 include/linux/ftrace.h                 |  2 ++
 include/linux/kernel.h                 |  1 -
 include/linux/sunrpc/debug.h           |  1 +
 include/linux/trace_controls.h         | 54 ++++++++++++++++++++++++++++++++
 include/linux/trace_printk.h           | 56 ++--------------------------------
 kernel/debug/debug_core.c              |  1 +
 kernel/panic.c                         |  1 +
 kernel/rcu/rcu.h                       |  2 ++
 kernel/rcu/rcutorture.c                |  1 +
 kernel/trace/ring_buffer_benchmark.c   |  1 +
 kernel/trace/trace.h                   |  1 +
 kernel/trace/trace_benchmark.c         |  1 +
 lib/sys_info.c                         |  1 +
 samples/fprobe/fprobe_example.c        |  1 +
 samples/ftrace/ftrace-direct-too.c     |  1 -
 samples/trace_printk/trace-printk.c    |  1 +
 27 files changed, 83 insertions(+), 55 deletions(-)
 create mode 100644 include/linux/trace_controls.h
Merging tracefs-fixes/tracefs/fixes (07004a8c4b572 eventfs: Hold eventfs_mutex and SRCU when remount walks events)
$ git merge -m Merge branch 'tracefs/fixes' of https://git.kernel.org/pub/scm/linux/kernel/git/trace/linux-trace.git tracefs-fixes/tracefs/fixes
Already up to date.
Merging spacemit-fixes/fixes (254f49634ee16 Linux 7.1-rc1)
$ git merge -m Merge branch 'fixes' of https://github.com/spacemit-com/linux spacemit-fixes/fixes
Already up to date.
Merging tip-fixes/tip/urgent (c75597caada08 Merge tag 'for-linus' of git://git.kernel.org/pub/scm/virt/kvm/kvm)
$ git merge -m Merge branch 'tip/urgent' of https://git.kernel.org/pub/scm/linux/kernel/git/tip/tip.git tip-fixes/tip/urgent
Already up to date.
Merging slab-fixes/slab/for-next-fixes (67ea9d353d0ba mm/slub: hold cpus_read_lock around flush_rcu_sheaves_on_cache())
$ git merge -m Merge branch 'slab/for-next-fixes' of https://git.kernel.org/pub/scm/linux/kernel/git/vbabka/slab.git slab-fixes/slab/for-next-fixes
Already up to date.
Merging kexec-fixes/kexec-fixes (028ef9c96e961 Linux 7.0)
$ git merge -m Merge branch 'kexec-fixes' of https://git.kernel.org/pub/scm/linux/kernel/git/liveupdate/linux.git kexec-fixes/kexec-fixes
Already up to date.
Merging liveupdate-fixes/fixes (e43ffb69e0438 Linux 7.1-rc6)
$ git merge -m Merge branch 'fixes' of https://git.kernel.org/pub/scm/linux/kernel/git/liveupdate/linux.git liveupdate-fixes/fixes
Already up to date.
Merging drm-msm-fixes/msm-fixes (db339b6bc9f23 dt-bindings: display/msm: Fix typo in clock-names property)
$ git merge -m Merge branch 'msm-fixes' of https://gitlab.freedesktop.org/drm/msm.git drm-msm-fixes/msm-fixes
Already up to date.
Merging uml-fixes/fixes (254f49634ee16 Linux 7.1-rc1)
$ git merge -m Merge branch 'fixes' of https://git.kernel.org/pub/scm/linux/kernel/git/uml/linux.git uml-fixes/fixes
Already up to date.
Merging fwctl-fixes/for-rc (e7ae89a0c97ce Linux 7.1-rc5)
$ git merge -m Merge branch 'for-rc' of https://git.kernel.org/pub/scm/linux/kernel/git/fwctl/fwctl.git fwctl-fixes/for-rc
Already up to date.
Merging devsec-tsm-fixes/fixes (c3fd16c3b98ed virt: tdx-guest: Fix handling of host controlled 'quote' buffer length)
$ git merge -m Merge branch 'fixes' of https://git.kernel.org/pub/scm/linux/kernel/git/devsec/tsm.git devsec-tsm-fixes/fixes
Already up to date.
Merging drm-rust-fixes/for-linux-next-fixes (0a69ac25bd596 rust: drm: fix unsound initialization in drm::Device::new)
$ git merge -m Merge branch 'for-linux-next-fixes' of https://gitlab.freedesktop.org/drm/rust/kernel.git drm-rust-fixes/for-linux-next-fixes
Already up to date.
Merging tenstorrent-dt-fixes/tenstorrent-dt-fixes (6de23f81a5e08 Linux 7.0-rc1)
$ git merge -m Merge branch 'tenstorrent-dt-fixes' of https://git.kernel.org/pub/scm/linux/kernel/git/tenstorrent/linux.git tenstorrent-dt-fixes/tenstorrent-dt-fixes
Already up to date.
Merging nfc-fixes/for-linus (703f6336a7ab0 nfc: nci: add data_len bound checks to activation parameter extractors)
$ git merge -m Merge branch 'for-linus' of https://codeberg.org/linux-nfc/linux.git nfc-fixes/for-linus
Merge made by the 'ort' strategy.
 net/nfc/digital_technology.c |  2 ++
 net/nfc/llcp_commands.c      | 18 ++++++++++++++++--
 net/nfc/llcp_core.c          | 29 +++++++++++++++++++++--------
 net/nfc/llcp_sock.c          | 14 +++++++++++---
 net/nfc/nci/data.c           | 10 +++++-----
 net/nfc/nci/ntf.c            | 26 ++++++++++++++++++++++----
 6 files changed, 77 insertions(+), 22 deletions(-)
Merging drm-misc-fixes/for-linux-next-fixes (9206b22fb959f drm/sysfb: Avoid truncating maximum stride)
$ git merge -m Merge branch 'for-linux-next-fixes' of https://gitlab.freedesktop.org/drm/misc/kernel.git drm-misc-fixes/for-linux-next-fixes
Auto-merging drivers/accel/amdxdna/amdxdna_gem.c
Auto-merging drivers/gpu/drm/drm_connector.c
Auto-merging drivers/gpu/drm/sysfb/drm_sysfb_helper.h
Auto-merging drivers/gpu/drm/sysfb/efidrm.c
Auto-merging drivers/gpu/drm/sysfb/vesadrm.c
Auto-merging include/drm/drm_connector.h
Merge made by the 'ort' strategy.
 drivers/accel/amdxdna/amdxdna_gem.c            |  2 +-
 drivers/accel/ivpu/ivpu_job.c                  | 10 +++++-----
 drivers/gpu/drm/drm_connector.c                | 12 ++++++------
 drivers/gpu/drm/drm_displayid_internal.h       |  2 +-
 drivers/gpu/drm/drm_edid.c                     |  8 ++++++++
 drivers/gpu/drm/nouveau/nouveau_exec.c         |  4 ++--
 drivers/gpu/drm/nouveau/nouveau_uvmm.c         |  4 ++--
 drivers/gpu/drm/nouveau/nvkm/subdev/acr/base.c |  1 +
 drivers/gpu/drm/sysfb/drm_sysfb_helper.h       |  2 +-
 drivers/gpu/drm/sysfb/drm_sysfb_screen_info.c  | 13 ++++++++++---
 drivers/gpu/drm/sysfb/efidrm.c                 |  7 ++++---
 drivers/gpu/drm/sysfb/vesadrm.c                |  6 +++---
 include/drm/drm_connector.h                    |  6 +++---
 13 files changed, 47 insertions(+), 30 deletions(-)
Merging rust/rust-next (4edcdefd4083a Merge tag 'bpf-fixes' of git://git.kernel.org/pub/scm/linux/kernel/git/bpf/bpf)
$ git merge -m Merge branch 'rust-next' of https://github.com/Rust-for-Linux/linux.git rust/rust-next
Already up to date.
Merging rust-interop/interop-next (05f7e89ab9731 Linux 6.19)
$ git merge -m Merge branch 'interop-next' of https://github.com/Rust-for-Linux/linux.git rust-interop/interop-next
Already up to date.
Merging rust-alloc/alloc-next (ec51531fb8efd rust: alloc: cleanup doctest imports to "kernel vertical" style)
$ git merge -m Merge branch 'alloc-next' of https://github.com/Rust-for-Linux/linux.git rust-alloc/alloc-next
Already up to date.
Merging rust-io/io-next (86731a2a651e5 Linux 6.16-rc3)
$ git merge -m Merge branch 'io-next' of https://github.com/Rust-for-Linux/linux.git rust-io/io-next
Already up to date.
Merging rust-pin-init/pin-init-next (d2f309227952e rust: pin_init: internal: use `loop {}` to produce never value)
$ git merge -m Merge branch 'pin-init-next' of https://github.com/Rust-for-Linux/linux.git rust-pin-init/pin-init-next
Already up to date.
Merging rust-timekeeping/timekeeping-next (ddb1444d33351 hrtimer: add usage examples to documentation)
$ git merge -m Merge branch 'timekeeping-next' of https://github.com/Rust-for-Linux/linux.git rust-timekeeping/timekeeping-next
Already up to date.
Merging rust-xarray/xarray-next (c455f19bbe610 rust: xarray: add __rust_helper to helpers)
$ git merge -m Merge branch 'xarray-next' of https://github.com/Rust-for-Linux/linux.git rust-xarray/xarray-next
Already up to date.
Merging rust-analyzer/rust-analyzer-next (5f45afb8ab04d scripts: generate_rust_analyzer.py: pass cfg to macros crate)
$ git merge -m Merge branch 'rust-analyzer-next' of https://github.com/Rust-for-Linux/linux.git rust-analyzer/rust-analyzer-next
Auto-merging scripts/generate_rust_analyzer.py
Merge made by the 'ort' strategy.
 scripts/generate_rust_analyzer.py | 1 +
 1 file changed, 1 insertion(+)
Merging mm-stable/mm-stable (840ef6c78e6a2 Merge tag 'nfs-for-7.2-1' of git://git.linux-nfs.org/projects/anna/linux-nfs)
$ git merge -m Merge branch 'mm-stable' of https://git.kernel.org/pub/scm/linux/kernel/git/akpm/mm mm-stable/mm-stable
Already up to date.
Merging mm-nonmm-stable/mm-nonmm-stable (840ef6c78e6a2 Merge tag 'nfs-for-7.2-1' of git://git.linux-nfs.org/projects/anna/linux-nfs)
$ git merge -m Merge branch 'mm-nonmm-stable' of https://git.kernel.org/pub/scm/linux/kernel/git/akpm/mm mm-nonmm-stable/mm-nonmm-stable
Already up to date.
Merging mm-unstable/mm-unstable (81652c5a65d4a mm: fix CONFIG_STACK_GROWSUP typo in tools/testing/vma/include/dup.h)
$ git merge -m Merge branch 'mm-unstable' of https://git.kernel.org/pub/scm/linux/kernel/git/akpm/mm mm-unstable/mm-unstable
Merge made by the 'ort' strategy.
 tools/testing/vma/include/dup.h | 2 +-
 1 file changed, 1 insertion(+), 1 deletion(-)
$ git am -3 ../patches/0001-mm-Fix-up-build-for-uninitialised-pte.patch
Applying: mm: Fix up build for uninitialised pte
Using index info to reconstruct a base tree...
M	mm/khugepaged.c
Falling back to patching base and 3-way merge...
Auto-merging mm/khugepaged.c
No changes -- Patch already applied.
Merging mm-nonmm-unstable/mm-nonmm-unstable (26a44242525cf security/apparmor/apparmorfs.c: conditionally compile get_loaddata_common_ref())
$ git merge -m Merge branch 'mm-nonmm-unstable' of https://git.kernel.org/pub/scm/linux/kernel/git/akpm/mm mm-nonmm-unstable/mm-nonmm-unstable
Auto-merging kernel/resource.c
Auto-merging security/apparmor/apparmorfs.c
Merge made by the 'ort' strategy.
 drivers/media/v4l2-core/v4l2-vp9.c | 30 ++++++++++-----------
 kernel/resource.c                  |  2 +-
 lib/idr.c                          | 55 +++++++++++++++++---------------------
 lib/test_ida.c                     | 14 ++++++++++
 lib/xz/xz_dec_bcj.c                |  2 +-
 lib/xz/xz_dec_lzma2.c              | 11 ++++----
 lib/xz/xz_dec_stream.c             |  4 +--
 7 files changed, 62 insertions(+), 56 deletions(-)
Merging kbuild/kbuild-for-next (645323a7f4e55 kconfig: add optional warnings for changed input values)
$ git merge -m Merge branch 'kbuild-for-next' of https://git.kernel.org/pub/scm/linux/kernel/git/kbuild/linux.git kbuild/kbuild-for-next
Already up to date.
Merging clang-format/clang-format (8f0b4cce4481f Linux 6.19-rc1)
$ git merge -m Merge branch 'clang-format' of https://github.com/ojeda/linux.git clang-format/clang-format
Already up to date.
Merging perf/perf-tools-next (40db90ac9f66c perf python: Add LiveSession helper)
$ git merge -m Merge branch 'perf-tools-next' of https://git.kernel.org/pub/scm/linux/kernel/git/perf/perf-tools-next.git perf/perf-tools-next
Merge made by the 'ort' strategy.
 tools/perf/Makefile.perf                    |    7 +-
 tools/perf/arch/arm/util/cs-etm.c           |   10 +-
 tools/perf/arch/arm64/util/arm-spe.c        |    8 +-
 tools/perf/arch/arm64/util/hisi-ptt.c       |    2 +-
 tools/perf/arch/x86/tests/hybrid.c          |   22 +-
 tools/perf/arch/x86/tests/topdown.c         |    4 +-
 tools/perf/arch/x86/util/auxtrace.c         |    2 +-
 tools/perf/arch/x86/util/intel-bts.c        |    6 +-
 tools/perf/arch/x86/util/intel-pt.c         |    9 +-
 tools/perf/arch/x86/util/iostat.c           |   14 +-
 tools/perf/bench/evlist-open-close.c        |   29 +-
 tools/perf/builtin-annotate.c               |    7 +-
 tools/perf/builtin-ftrace.c                 |   14 +-
 tools/perf/builtin-inject.c                 |    9 +-
 tools/perf/builtin-kvm.c                    |   14 +-
 tools/perf/builtin-kwork.c                  |    8 +-
 tools/perf/builtin-lock.c                   |    4 +-
 tools/perf/builtin-record.c                 |   95 +-
 tools/perf/builtin-report.c                 |    6 +-
 tools/perf/builtin-sched.c                  |   30 +-
 tools/perf/builtin-script.c                 |   15 +-
 tools/perf/builtin-stat.c                   |   83 +-
 tools/perf/builtin-top.c                    |  104 +-
 tools/perf/builtin-trace.c                  |   65 +-
 tools/perf/python/perf.pyi                  |  672 +++++++
 tools/perf/python/perf_live.py              |   59 +
 tools/perf/tests/backward-ring-buffer.c     |   26 +-
 tools/perf/tests/code-reading.c             |   14 +-
 tools/perf/tests/event-times.c              |    6 +-
 tools/perf/tests/event_update.c             |    4 +-
 tools/perf/tests/evsel-roundtrip-name.c     |    8 +-
 tools/perf/tests/evsel-tp-sched.c           |    4 +-
 tools/perf/tests/expand-cgroup.c            |   12 +-
 tools/perf/tests/hists_cumulate.c           |    2 +-
 tools/perf/tests/hists_filter.c             |    2 +-
 tools/perf/tests/hists_link.c               |    2 +-
 tools/perf/tests/hists_output.c             |    2 +-
 tools/perf/tests/hwmon_pmu.c                |    7 +-
 tools/perf/tests/keep-tracking.c            |   10 +-
 tools/perf/tests/mmap-basic.c               |   24 +-
 tools/perf/tests/openat-syscall-all-cpus.c  |    6 +-
 tools/perf/tests/openat-syscall-tp-fields.c |   26 +-
 tools/perf/tests/openat-syscall.c           |    6 +-
 tools/perf/tests/parse-events.c             |  139 +-
 tools/perf/tests/parse-metric.c             |    8 +-
 tools/perf/tests/parse-no-sample-id-all.c   |    2 +-
 tools/perf/tests/perf-record.c              |   38 +-
 tools/perf/tests/perf-time-to-tsc.c         |   12 +-
 tools/perf/tests/pfm.c                      |   12 +-
 tools/perf/tests/pmu-events.c               |   11 +-
 tools/perf/tests/pmu.c                      |    4 +-
 tools/perf/tests/sample-parsing.c           |   45 +-
 tools/perf/tests/shell/lib/setup_python.sh  |   13 +
 tools/perf/tests/sw-clock.c                 |   20 +-
 tools/perf/tests/switch-tracking.c          |   11 +-
 tools/perf/tests/task-exit.c                |   20 +-
 tools/perf/tests/time-utils-test.c          |   14 +-
 tools/perf/tests/tool_pmu.c                 |    7 +-
 tools/perf/tests/topology.c                 |    4 +-
 tools/perf/tests/uncore-event-sorting.c     |    6 +-
 tools/perf/ui/browsers/annotate.c           |    2 +-
 tools/perf/ui/browsers/hists.c              |   22 +-
 tools/perf/util/Build                       |    1 -
 tools/perf/util/amd-sample-raw.c            |    2 +-
 tools/perf/util/annotate-data.c             |    2 +-
 tools/perf/util/annotate.c                  |   10 +-
 tools/perf/util/aslr.c                      |    1 +
 tools/perf/util/auxtrace.c                  |   14 +-
 tools/perf/util/block-info.c                |    4 +-
 tools/perf/util/bpf_counter.c               |    2 +-
 tools/perf/util/bpf_counter_cgroup.c        |   14 +-
 tools/perf/util/bpf_ftrace.c                |    9 +-
 tools/perf/util/bpf_lock_contention.c       |   12 +-
 tools/perf/util/bpf_off_cpu.c               |   44 +-
 tools/perf/util/bpf_trace_augment.c         |    8 +-
 tools/perf/util/cgroup.c                    |   26 +-
 tools/perf/util/cs-etm.c                    |    5 +-
 tools/perf/util/data-convert-bt.c           |    2 +-
 tools/perf/util/data.c                      |   27 +-
 tools/perf/util/data.h                      |    4 +-
 tools/perf/util/evlist.c                    |  494 +++---
 tools/perf/util/evlist.h                    |  273 ++-
 tools/perf/util/evsel.c                     |   39 +-
 tools/perf/util/evsel.h                     |   42 +-
 tools/perf/util/expr.c                      |    2 +-
 tools/perf/util/header.c                    |   69 +-
 tools/perf/util/header.h                    |    2 +-
 tools/perf/util/intel-pt.c                  |    8 +-
 tools/perf/util/intel-tpebs.c               |    7 +-
 tools/perf/util/iostat.c                    |    2 +-
 tools/perf/util/iostat.h                    |    2 +-
 tools/perf/util/map.h                       |    9 +-
 tools/perf/util/metricgroup.c               |   12 +-
 tools/perf/util/parse-events.c              |   10 +-
 tools/perf/util/parse-events.y              |    2 +-
 tools/perf/util/perf_api_probe.c            |   20 +-
 tools/perf/util/pfm.c                       |    4 +-
 tools/perf/util/print-events.c              |    2 +-
 tools/perf/util/python.c                    | 2502 +++++++++++++++++++++++----
 tools/perf/util/record.c                    |   11 +-
 tools/perf/util/s390-sample-raw.c           |   22 +-
 tools/perf/util/sample-raw.c                |    4 +-
 tools/perf/util/sample.c                    |   19 +-
 tools/perf/util/session.c                   |   69 +-
 tools/perf/util/session.h                   |    2 +
 tools/perf/util/setup.py                    |    5 +
 tools/perf/util/sideband_evlist.c           |   40 +-
 tools/perf/util/sort.c                      |    2 +-
 tools/perf/util/stat-display.c              |    6 +-
 tools/perf/util/stat-shadow.c               |   24 +-
 tools/perf/util/stat.c                      |   22 +-
 tools/perf/util/stream.c                    |    4 +-
 tools/perf/util/synthetic-events.c          |   11 +-
 tools/perf/util/time-utils.c                |   12 +-
 tools/perf/util/top.c                       |    4 +-
 115 files changed, 4434 insertions(+), 1360 deletions(-)
 create mode 100644 tools/perf/python/perf.pyi
 create mode 100755 tools/perf/python/perf_live.py
Merging compiler-attributes/compiler-attributes (8f0b4cce4481f Linux 6.19-rc1)
$ git merge -m Merge branch 'compiler-attributes' of https://github.com/ojeda/linux.git compiler-attributes/compiler-attributes
Already up to date.
Merging dma-mapping/dma-mapping-for-next (7318301e060e3 dma: map_benchmark: turn dma_sg_map_param buf into a flexible array)
$ git merge -m Merge branch 'dma-mapping-for-next' of https://git.kernel.org/pub/scm/linux/kernel/git/mszyprowski/linux.git dma-mapping/dma-mapping-for-next
Already up to date.
Merging asm-generic/master (adbbd9714f805 scripts: headers_install.sh: Remove config leak ignore machinery)
$ git merge -m Merge branch 'master' of https://git.kernel.org/pub/scm/linux/kernel/git/arnd/asm-generic asm-generic/master
Already up to date.
Merging alpha/alpha-next (d58041d2c63e0 MAINTAINERS: Add Magnus Lindholm as maintainer for alpha port)
$ git merge -m Merge branch 'alpha-next' of https://git.kernel.org/pub/scm/linux/kernel/git/mattst88/alpha.git alpha/alpha-next
Already up to date.
Merging arm/for-next (75ca78c7d982a Merge branches 'fixes' and 'misc' into for-next)
$ git merge -m Merge branch 'for-next' of https://git.kernel.org/pub/scm/linux/kernel/git/rmk/linux.git arm/for-next
Merge made by the 'ort' strategy.
 arch/arm/probes/kprobes/test-core.c | 14 +++-----------
 1 file changed, 3 insertions(+), 11 deletions(-)
Merging arm64/for-next/core (36fa5ffa60344 arm64: mm: Defer read-only remap of data/bss linear alias)
$ git merge -m Merge branch 'for-next/core' of https://git.kernel.org/pub/scm/linux/kernel/git/arm64/linux arm64/for-next/core
Auto-merging arch/arm64/mm/mmu.c
Merge made by the 'ort' strategy.
 arch/arm64/kernel/hw_breakpoint.c |  9 +++++++++
 arch/arm64/kernel/static_call.c   |  1 +
 arch/arm64/mm/mmu.c               | 11 ++++++-----
 3 files changed, 16 insertions(+), 5 deletions(-)
Merging arm-perf/for-next/perf (5936245125f78 perf/arm-cmn: Fix DVM node events)
$ git merge -m Merge branch 'for-next/perf' of https://git.kernel.org/pub/scm/linux/kernel/git/will/linux.git arm-perf/for-next/perf
Already up to date.
Merging arm-soc/for-next (972ea78305bdd soc: document merges)
$ git merge -m Merge branch 'for-next' of https://git.kernel.org/pub/scm/linux/kernel/git/soc/soc.git arm-soc/for-next
Merge made by the 'ort' strategy.
 arch/arm/arm-soc-for-next-contents.txt | 200 +++++++++++++++++++++++++++++++++
 1 file changed, 200 insertions(+)
 create mode 100644 arch/arm/arm-soc-for-next-contents.txt
Merging amlogic/for-next (3cb796512f5a1 Merge branch 'v7.2/arm64-dt' into for-next)
$ git merge -m Merge branch 'for-next' of https://git.kernel.org/pub/scm/linux/kernel/git/amlogic/linux.git amlogic/for-next
Merge made by the 'ort' strategy.
Merging asahi-soc/asahi-soc/for-next (31f24e4f6b1ac Merge branch 'apple-soc/dt-7.2' into asahi-soc/for-next)
$ git merge -m Merge branch 'asahi-soc/for-next' of https://github.com/AsahiLinux/linux.git asahi-soc/asahi-soc/for-next
Merge made by the 'ort' strategy.
Merging at91/at91-next (6d892f8d5cd9f Merge branch 'clk-microchip-fixes' into at91-next)
$ git merge -m Merge branch 'at91-next' of https://git.kernel.org/pub/scm/linux/kernel/git/at91/linux.git at91/at91-next
Merge made by the 'ort' strategy.
Merging bmc/for-next (4438ecd5f5c19 Merge branches 'aspeed/drivers', 'aspeed/arm/dt', 'nuvoton/arm/dt' and 'nuvoton/arm64/dt' into for-next)
$ git merge -m Merge branch 'for-next' of https://git.kernel.org/pub/scm/linux/kernel/git/bmc/linux.git bmc/for-next
Merge made by the 'ort' strategy.
 arch/arm/boot/dts/nuvoton/nuvoton-common-npcm7xx.dtsi | 9 +++------
 1 file changed, 3 insertions(+), 6 deletions(-)
Merging broadcom/next (f705b0c80bab1 arm: dts: bcm2711: Fix typo in gpio-line-names)
$ git merge -m Merge branch 'next' of https://github.com/Broadcom/stblinux.git broadcom/next
Merge made by the 'ort' strategy.
Merging cix/for-next (a0cffbd8878c5 Merge remote-tracking branch 'cix/dt' into for-next)
$ git merge -m Merge branch 'for-next' of https://git.kernel.org/pub/scm/linux/kernel/git/peter.chen/cix.git cix/for-next
Merge made by the 'ort' strategy.
Merging davinci/davinci/for-next (254f49634ee16 Linux 7.1-rc1)
$ git merge -m Merge branch 'davinci/for-next' of https://git.kernel.org/pub/scm/linux/kernel/git/brgl/linux.git davinci/davinci/for-next
Already up to date.
Merging drivers-memory/for-next (b97f7dceb8adb memory: tegra234: drop dead NULL check in tegra234_mc_icc_aggregate())
$ git merge -m Merge branch 'for-next' of https://git.kernel.org/pub/scm/linux/kernel/git/krzk/linux-mem-ctrl.git drivers-memory/for-next
Already up to date.
Merging fsl/soc_fsl (c99d8ac7b355c bus: fsl-mc: wait for the MC firmware to complete its boot)
$ git merge -m Merge branch 'soc_fsl' of https://git.kernel.org/pub/scm/linux/kernel/git/chleroy/linux.git fsl/soc_fsl
Auto-merging drivers/irqchip/Kconfig
Auto-merging drivers/irqchip/Makefile
Auto-merging drivers/irqchip/irq-gic-its-msi-parent.c
Merge made by the 'ort' strategy.
Merging imx-mxs/for-next (6d1a5ede11552 Merge branches 'imx/dt-bindings' and 'imx/dt64' into for-next)
$ git merge -m Merge branch 'for-next' of https://git.kernel.org/pub/scm/linux/kernel/git/frank.li/linux.git imx-mxs/for-next
Auto-merging Documentation/devicetree/bindings/display/bridge/lvds-codec.yaml
Merge made by the 'ort' strategy.
 Documentation/ABI/testing/se-cdev                  |   44 +
 .../devicetree/bindings/firmware/fsl,imx-se.yaml   |   91 ++
 .../driver-api/firmware/other_interfaces.rst       |  133 +++
 drivers/firmware/imx/Kconfig                       |   13 +
 drivers/firmware/imx/Makefile                      |    2 +
 drivers/firmware/imx/ele_base_msg.c                |  305 +++++
 drivers/firmware/imx/ele_base_msg.h                |  117 ++
 drivers/firmware/imx/ele_common.c                  |  373 ++++++
 drivers/firmware/imx/ele_common.h                  |   51 +
 drivers/firmware/imx/se_ctrl.c                     | 1183 ++++++++++++++++++++
 drivers/firmware/imx/se_ctrl.h                     |  129 +++
 include/linux/firmware/imx/se_api.h                |   14 +
 include/uapi/linux/se_ioctl.h                      |   97 ++
 13 files changed, 2552 insertions(+)
 create mode 100644 Documentation/ABI/testing/se-cdev
 create mode 100644 Documentation/devicetree/bindings/firmware/fsl,imx-se.yaml
 create mode 100644 drivers/firmware/imx/ele_base_msg.c
 create mode 100644 drivers/firmware/imx/ele_base_msg.h
 create mode 100644 drivers/firmware/imx/ele_common.c
 create mode 100644 drivers/firmware/imx/ele_common.h
 create mode 100644 drivers/firmware/imx/se_ctrl.c
 create mode 100644 drivers/firmware/imx/se_ctrl.h
 create mode 100644 include/linux/firmware/imx/se_api.h
 create mode 100644 include/uapi/linux/se_ioctl.h
Merging mediatek/for-next (11883fdc73a1c Merge branch 'v7.1-next/dts64' into for-next)
$ git merge -m Merge branch 'for-next' of https://git.kernel.org/pub/scm/linux/kernel/git/mediatek/linux.git mediatek/for-next
Auto-merging arch/arm64/configs/defconfig
Merge made by the 'ort' strategy.
 arch/arm64/configs/defconfig | 2 ++
 1 file changed, 2 insertions(+)
Merging mvebu/for-next (3ea0dabfa4500 Merge branch 'mvebu/dt64' into mvebu/for-next)
$ git merge -m Merge branch 'for-next' of https://git.kernel.org/pub/scm/linux/kernel/git/gclement/mvebu.git mvebu/for-next
Merge made by the 'ort' strategy.
 arch/arm64/boot/dts/marvell/armada-37xx.dtsi | 1 +
 1 file changed, 1 insertion(+)
Merging omap/for-next (fb054c869500e Merge branch 'omap-for-v7.3/soc' into tmp/omap-next-20260609.152421)
$ git merge -m Merge branch 'for-next' of https://git.kernel.org/pub/scm/linux/kernel/git/khilman/linux-omap.git omap/for-next
Auto-merging arch/arm/configs/multi_v7_defconfig
Merge made by the 'ort' strategy.
 arch/arm/boot/dts/ti/omap/Makefile                 |   4 +
 .../dts/ti/omap/am335x-icev2-prueth-overlay.dtso   | 156 +++++++++++++++++++++
 arch/arm/boot/dts/ti/omap/am33xx-l4.dtsi           |  11 ++
 arch/arm/boot/dts/ti/omap/am4372.dtsi              |  11 ++
 arch/arm/boot/dts/ti/omap/am437x-idk-evm.dts       | 103 +++++++++++++-
 arch/arm/boot/dts/ti/omap/am57-pruss.dtsi          |  11 ++
 arch/arm/boot/dts/ti/omap/am571x-idk.dts           |   8 +-
 arch/arm/boot/dts/ti/omap/am572x-idk.dts           |  10 +-
 arch/arm/boot/dts/ti/omap/am574x-idk.dts           |  10 +-
 arch/arm/boot/dts/ti/omap/am57xx-idk-common.dtsi   |  61 ++++++++
 arch/arm/boot/dts/ti/omap/omap4-var-som-om44.dtsi  |  14 ++
 arch/arm/configs/multi_v7_defconfig                |   2 +
 arch/arm/mach-omap2/omap_hwmod.c                   |  26 ++--
 arch/arm/mach-omap2/sleep44xx.S                    |   5 +-
 14 files changed, 412 insertions(+), 20 deletions(-)
 create mode 100644 arch/arm/boot/dts/ti/omap/am335x-icev2-prueth-overlay.dtso
Merging qcom/for-next (8a4062d204752 Merge branches 'arm64-defconfig-fixes-for-7.1', 'arm64-fixes-for-7.1', 'arm64-for-7.2', 'clk-fixes-for-7.1', 'clk-for-7.2', 'drivers-fixes-for-7.1' and 'drivers-for-7.2' into for-next)
$ git merge -m Merge branch 'for-next' of https://git.kernel.org/pub/scm/linux/kernel/git/qcom/linux.git qcom/for-next
Merge made by the 'ort' strategy.
Merging renesas/next (fac7341171187 Merge branches 'renesas-drivers-for-v7.2' and 'renesas-dts-for-v7.2' into renesas-next)
$ git merge -m Merge branch 'next' of https://git.kernel.org/pub/scm/linux/kernel/git/geert/renesas-devel.git renesas/next
Merge made by the 'ort' strategy.
Merging reset/reset/next (d373605cd5148 Merge tag 'reset-fixes-for-v7.0-2' into reset/next)
$ git merge -m Merge branch 'reset/next' of https://git.pengutronix.de/git/pza/linux reset/reset/next
Already up to date.
Merging rockchip/for-next (703b6c284de03 Merge branch 'v7.2-armsoc/dts64' into for-next)
$ git merge -m Merge branch 'for-next' of https://git.kernel.org/pub/scm/linux/kernel/git/mmind/linux-rockchip.git rockchip/for-next
Merge made by the 'ort' strategy.
Merging samsung-krzk/for-next (a1c3227fc1a1c Merge branch 'next/clk' into for-next)
$ git merge -m Merge branch 'for-next' of https://git.kernel.org/pub/scm/linux/kernel/git/krzk/linux.git samsung-krzk/for-next
Merge made by the 'ort' strategy.
Merging scmi/for-linux-next (edb4db149ba0a Merge branch 'for-next/ffa/fixes' of git://git.kernel.org/pub/scm/linux/kernel/git/sudeep.holla/linux)
$ git merge -m Merge branch 'for-linux-next' of https://git.kernel.org/pub/scm/linux/kernel/git/sudeep.holla/linux.git scmi/for-linux-next
Merge made by the 'ort' strategy.
 drivers/firmware/arm_ffa/driver.c | 29 +++++++++++++++++++++--------
 1 file changed, 21 insertions(+), 8 deletions(-)
Merging sophgo/for-next (f7337210bede6 Merge branch 'dt/riscv' into for-next)
$ git merge -m Merge branch 'for-next' of https://github.com/sophgo/linux.git sophgo/for-next
Merge made by the 'ort' strategy.
Merging sophgo-soc/soc-for-next (c8754c7deab4c soc: sophgo: cv1800: rtcsys: New driver (handling RTC only))
$ git merge -m Merge branch 'soc-for-next' of https://github.com/sophgo/linux.git sophgo-soc/soc-for-next
Already up to date.
Merging spacemit/for-next (38d5f73d1f5af Merge branch 'spacemit-clk-for-v7.2' into spacemit-all-integ)
$ git merge -m Merge branch 'for-next' of https://github.com/spacemit-com/linux spacemit/for-next
Merge made by the 'ort' strategy.
Merging stm32/stm32-next (fba4a31a7f3b6 arm64: dts: st: Fix SAI addresses on stm32mp251)
$ git merge -m Merge branch 'stm32-next' of https://git.kernel.org/pub/scm/linux/kernel/git/atorgue/stm32.git stm32/stm32-next
Already up to date.
Merging sunxi/sunxi/for-next (2ff39750d1a8c Merge branch 'sunxi/dt-for-7.2' into sunxi/for-next)
$ git merge -m Merge branch 'sunxi/for-next' of https://git.kernel.org/pub/scm/linux/kernel/git/sunxi/linux.git sunxi/sunxi/for-next
Merge made by the 'ort' strategy.
Merging tee/next (4d88259524b06 Merge branches 'tee_fixes_for_v7.1', 'optee_for_v7.2', 'optee_fix_for_v7.1', 'amdtee_for_v7.2' and 'qcomtee_for_v7.1' into next)
$ git merge -m Merge branch 'next' of https://git.kernel.org/pub/scm/linux/kernel/git/jenswi/linux-tee.git tee/next
Merge made by the 'ort' strategy.
Merging tegra/for-next (d26e0427259af Merge branch for-7.2/arm64/dt into for-next)
$ git merge -m Merge branch 'for-next' of https://git.kernel.org/pub/scm/linux/kernel/git/tegra/linux.git tegra/for-next
Merge made by the 'ort' strategy.
Merging tenstorrent-dt/tenstorrent-dt-for-next (33583baeb1ba7 dt-bindings: iommu: riscv: Add bindings for Tenstorrent RISC-V IOMMU)
$ git merge -m Merge branch 'tenstorrent-dt-for-next' of https://git.kernel.org/pub/scm/linux/kernel/git/tenstorrent/linux.git tenstorrent-dt/tenstorrent-dt-for-next
Already up to date.
Merging fustini-config/riscv-config-for-next (fb266bbe9aef1 riscv: defconfig: thead: enable PCA953X GPIO driver)
$ git merge -m Merge branch 'riscv-config-for-next' of https://git.kernel.org/pub/scm/linux/kernel/git/fustini/linux.git fustini-config/riscv-config-for-next
Auto-merging arch/riscv/configs/defconfig
Merge made by the 'ort' strategy.
 arch/riscv/configs/defconfig | 2 ++
 1 file changed, 2 insertions(+)
Merging thead-dt/thead-dt-for-next (3a5791956edbf riscv: dts: thead: Enable wifi on the BeagleV-Ahead)
$ git merge -m Merge branch 'thead-dt-for-next' of https://git.kernel.org/pub/scm/linux/kernel/git/fustini/linux.git thead-dt/thead-dt-for-next
Already up to date.
Merging ti/ti-next (bd9f97f3924b3 Merge branch 'ti-k3-sci-clk' into ti-next)
$ git merge -m Merge branch 'ti-next' of https://git.kernel.org/pub/scm/linux/kernel/git/ti/linux.git ti/ti-next
Merge made by the 'ort' strategy.
Merging xilinx/for-next (fdee7c66c0d7b soc: xilinx: Shutdown and free rx mailbox channel)
$ git merge -m Merge branch 'for-next' of https://github.com/Xilinx/linux-xlnx.git xilinx/for-next
Already up to date.
Merging socfpga/for-next (5117b7d68fdc9 ARM: socfpga: Fix OF node refcount leak in SMP setup)
$ git merge -m Merge branch 'for-next' of https://git.kernel.org/pub/scm/linux/kernel/git/dinguyen/linux.git socfpga/for-next
Auto-merging MAINTAINERS
Merge made by the 'ort' strategy.
Merging clk/clk-next (92010229c4b38 Merge branches 'clk-microchip' and 'clk-qcom' into clk-next)
$ git merge -m Merge branch 'clk-next' of https://git.kernel.org/pub/scm/linux/kernel/git/clk/linux.git clk/clk-next
Already up to date.
Merging clk-imx/for-next (b3dcc8c608fbb clk: imx: Add audio PLL debugfs for K-divider control)
$ git merge -m Merge branch 'for-next' of https://git.kernel.org/pub/scm/linux/kernel/git/abelvesa/linux.git clk-imx/for-next
Merge made by the 'ort' strategy.
 drivers/clk/imx/clk-imx8mm.c  |   6 +++
 drivers/clk/imx/clk-pll14xx.c | 119 +++++++++++++++++++++++++++++++++++++++++-
 drivers/clk/imx/clk.h         |   1 +
 3 files changed, 125 insertions(+), 1 deletion(-)
Merging clk-renesas/renesas-clk (f5e45196023dd clk: renesas: r9a08g045: Drop unused pm_domain header file)
$ git merge -m Merge branch 'renesas-clk' of https://git.kernel.org/pub/scm/linux/kernel/git/geert/renesas-drivers.git clk-renesas/renesas-clk
Already up to date.
Merging thead-clk/thead-clk-for-next (baf4fc7c03bd0 clk: thead: th1520-ap: Support CPU frequency scaling)
$ git merge -m Merge branch 'thead-clk-for-next' of https://git.kernel.org/pub/scm/linux/kernel/git/fustini/linux.git thead-clk/thead-clk-for-next
Already up to date.
Merging tenstorrent-clk/tenstorrent-clk-for-next (23c8ebc952849 clk: tenstorrent: Add Atlantis clock controller driver)
$ git merge -m Merge branch 'tenstorrent-clk-for-next' of https://git.kernel.org/pub/scm/linux/kernel/git/tenstorrent/linux.git tenstorrent-clk/tenstorrent-clk-for-next
Already up to date.
Merging csky/linux-next (fe69c03143c27 csky: Fix a4/a5 restoration in syscall trace path)
$ git merge -m Merge branch 'linux-next' of https://github.com/c-sky/csky-linux.git csky/linux-next
Merge made by the 'ort' strategy.
 arch/csky/kernel/entry.S | 6 +++---
 1 file changed, 3 insertions(+), 3 deletions(-)
Merging loongarch/loongarch-next (262a3b4fa1792 selftests/bpf: Test jited inline of bpf_get_smp_processor_id() for LoongArch)
$ git merge -m Merge branch 'loongarch-next' of https://git.kernel.org/pub/scm/linux/kernel/git/chenhuacai/linux-loongson.git loongarch/loongarch-next
Auto-merging arch/loongarch/Kconfig
Auto-merging arch/loongarch/kernel/smp.c
Merge made by the 'ort' strategy.
 .../core/thread-info-in-task/arch-support.txt      |  2 +-
 arch/loongarch/Kconfig                             |  1 +
 arch/loongarch/boot/dts/loongson-2k0500.dtsi       | 12 +++++
 arch/loongarch/boot/dts/loongson-2k1000.dtsi       |  4 ++
 arch/loongarch/boot/dts/loongson-2k2000.dtsi       |  4 ++
 arch/loongarch/include/asm/acpi.h                  |  2 +
 arch/loongarch/include/asm/current.h               | 31 +++++++++++++
 arch/loongarch/include/asm/kexec.h                 |  3 +-
 arch/loongarch/include/asm/percpu.h                |  1 -
 arch/loongarch/include/asm/pgtable.h               |  4 ++
 arch/loongarch/include/asm/smp.h                   |  3 +-
 arch/loongarch/include/asm/stackframe.h            | 10 ++--
 arch/loongarch/include/asm/switch_to.h             |  7 ++-
 arch/loongarch/include/asm/thread_info.h           | 10 ----
 arch/loongarch/kernel/acpi.c                       | 28 +++++++++++
 arch/loongarch/kernel/asm-offsets.c                |  6 +--
 arch/loongarch/kernel/entry.S                      |  7 ++-
 arch/loongarch/kernel/head.S                       | 18 +++++---
 arch/loongarch/kernel/process.c                    |  2 +
 arch/loongarch/kernel/relocate.c                   |  2 +-
 arch/loongarch/kernel/setup.c                      |  3 ++
 arch/loongarch/kernel/smp.c                        |  7 ++-
 arch/loongarch/kernel/switch.S                     | 14 +++---
 arch/loongarch/kernel/traps.c                      |  8 ++++
 arch/loongarch/mm/pageattr.c                       |  2 +-
 arch/loongarch/net/bpf_jit.c                       | 54 +++++++++++++++++++---
 arch/loongarch/pci/acpi.c                          |  2 +
 arch/loongarch/vdso/elf.S                          |  3 ++
 tools/testing/selftests/bpf/bpf_experimental.h     |  7 +++
 tools/testing/selftests/bpf/progs/bpf_misc.h       |  1 +
 .../selftests/bpf/progs/verifier_jit_inline.c      | 13 ++++++
 tools/testing/selftests/bpf/test_loader.c          |  5 ++
 32 files changed, 226 insertions(+), 50 deletions(-)
 create mode 100644 arch/loongarch/include/asm/current.h
Merging m68k/for-next (dc5200f6b1ada m68k: Correct CONFIG_MVME16x macro name in #endif comment)
$ git merge -m Merge branch 'for-next' of https://git.kernel.org/pub/scm/linux/kernel/git/geert/linux-m68k.git m68k/for-next
Already up to date.
Merging m68knommu/for-next (4b51af3ef96a6 m68k: stmark2: enable DACs outputs)
$ git merge -m Merge branch 'for-next' of https://git.kernel.org/pub/scm/linux/kernel/git/gerg/m68knommu.git m68knommu/for-next
Already up to date.
Merging microblaze/next (6de23f81a5e08 Linux 7.0-rc1)
$ git merge -m Merge branch 'next' of git://git.monstr.eu/linux-2.6-microblaze.git microblaze/next
Already up to date.
Merging mips/mips-next (6f25741b7565d mips: select legacy gpiolib interfaces where used)
$ git merge -m Merge branch 'mips-next' of https://git.kernel.org/pub/scm/linux/kernel/git/mips/linux.git mips/mips-next
Already up to date.
Merging openrisc/for-next (aca063c902452 openrisc: Fix jump_label smp syncing)
$ git merge -m Merge branch 'for-next' of https://github.com/openrisc/linux.git openrisc/for-next
Already up to date.
Merging parisc-hd/for-next (5200f5f493f79 Linux 7.1-rc4)
$ git merge -m Merge branch 'for-next' of https://git.kernel.org/pub/scm/linux/kernel/git/deller/parisc-linux.git parisc-hd/for-next
Already up to date.
Merging powerpc/next (42f252f5a6468 powerpc/fadump: define MIN_RMA in bytes rather than MB)
$ git merge -m Merge branch 'next' of https://git.kernel.org/pub/scm/linux/kernel/git/powerpc/linux.git powerpc/next
Already up to date.
Merging risc-v/for-next (798246e5edfb3 riscv: acpi: Enable ARCH_HAS_ACPI_TABLE_UPGRADE)
$ git merge -m Merge branch 'for-next' of https://git.kernel.org/pub/scm/linux/kernel/git/riscv/linux.git risc-v/for-next
Merge made by the 'ort' strategy.
 arch/riscv/Kconfig            | 1 +
 arch/riscv/include/asm/acpi.h | 2 ++
 arch/riscv/kernel/acpi.c      | 5 +++++
 arch/riscv/kernel/efi.c       | 5 +++++
 arch/riscv/kernel/reset.c     | 7 +++++++
 arch/riscv/kernel/setup.c     | 2 ++
 drivers/acpi/tables.c         | 1 +
 7 files changed, 23 insertions(+)
Merging riscv-dt/riscv-dt-for-next (82ab962ef6c2a Merge branch 'k230-basic' into riscv-dt-for-next)
$ git merge -m Merge branch 'riscv-dt-for-next' of https://git.kernel.org/pub/scm/linux/kernel/git/conor/linux.git riscv-dt/riscv-dt-for-next
Auto-merging Documentation/devicetree/bindings/interrupt-controller/sifive,plic-1.0.0.yaml
Auto-merging Documentation/devicetree/bindings/timer/sifive,clint.yaml
Merge made by the 'ort' strategy.
 .../interrupt-controller/sifive,plic-1.0.0.yaml    |   1 +
 .../devicetree/bindings/riscv/canaan.yaml          |   8 +-
 .../devicetree/bindings/timer/sifive,clint.yaml    |   1 +
 arch/riscv/boot/dts/canaan/Makefile                |   2 +
 arch/riscv/boot/dts/canaan/k230-canmv.dts          | 343 +++++++++++++++++++++
 arch/riscv/boot/dts/canaan/k230-evb.dts            |  39 +++
 arch/riscv/boot/dts/canaan/k230-pinctrl.h          |  18 ++
 arch/riscv/boot/dts/canaan/k230.dtsi               | 167 ++++++++++
 8 files changed, 578 insertions(+), 1 deletion(-)
 create mode 100644 arch/riscv/boot/dts/canaan/k230-canmv.dts
 create mode 100644 arch/riscv/boot/dts/canaan/k230-evb.dts
 create mode 100644 arch/riscv/boot/dts/canaan/k230-pinctrl.h
 create mode 100644 arch/riscv/boot/dts/canaan/k230.dtsi
Merging riscv-soc/riscv-soc-for-next (dfceff38cea2b Merge branches 'riscv-soc-drivers-for-next' and 'cache-for-next' into riscv-soc-for-next)
$ git merge -m Merge branch 'riscv-soc-for-next' of https://git.kernel.org/pub/scm/linux/kernel/git/conor/linux.git riscv-soc/riscv-soc-for-next
Merge made by the 'ort' strategy.
Merging s390/for-next (2580f89860460 Merge tag 's390-7.2-2' of git://git.kernel.org/pub/scm/linux/kernel/git/s390/linux)
$ git merge -m Merge branch 'for-next' of https://git.kernel.org/pub/scm/linux/kernel/git/s390/linux.git s390/for-next
Already up to date.
Merging sh/for-next (b0aa5e4b087b6 sh: Fix fallout from ZERO_PAGE consolidation)
$ git merge -m Merge branch 'for-next' of https://git.kernel.org/pub/scm/linux/kernel/git/glaubitz/sh-linux.git sh/for-next
Already up to date.
Merging sparc/for-next (5b2a3b1a98fb4 sparc: Remove remaining defconfig references to the pktcdvd driver)
$ git merge -m Merge branch 'for-next' of https://git.kernel.org/pub/scm/linux/kernel/git/alarsson/linux-sparc.git sparc/for-next
Already up to date.
Merging uml/next (254f49634ee16 Linux 7.1-rc1)
$ git merge -m Merge branch 'next' of https://git.kernel.org/pub/scm/linux/kernel/git/uml/linux.git uml/next
Already up to date.
Merging xtensa/xtensa-for-next (a7c958e8721eb xtensa: correct CONFIG_XTENSA_CALIBRATE_CCOUNT macro name in comment)
$ git merge -m Merge branch 'xtensa-for-next' of https://github.com/jcmvbkbc/linux-xtensa.git xtensa/xtensa-for-next
Merge made by the 'ort' strategy.
 arch/xtensa/include/asm/platform.h  | 2 +-
 arch/xtensa/platforms/iss/console.c | 5 +++--
 2 files changed, 4 insertions(+), 3 deletions(-)
Merging fs-next (4a2cc8ae808f3 Merge branch 'for-next' of https://git.kernel.org/pub/scm/linux/kernel/git/viro/vfs.git)
$ git merge -m Merge branch 'fs-next' of linux-next fs-next
Auto-merging MAINTAINERS
Merge made by the 'ort' strategy.
 MAINTAINERS                                        |   1 +
 drivers/block/rbd.c                                |  23 +-
 drivers/mtd/ubi/ubi.h                              |   9 +-
 fs/btrfs/Kconfig                                   |   1 +
 fs/btrfs/transaction.c                             |  18 +-
 fs/ceph/addr.c                                     |  20 +-
 fs/ceph/caps.c                                     |  34 +-
 fs/ceph/debugfs.c                                  | 103 +++
 fs/ceph/file.c                                     |  13 +-
 fs/ceph/inode.c                                    |   5 +-
 fs/ceph/locks.c                                    |  38 +-
 fs/ceph/mds_client.c                               | 802 ++++++++++++++++++++-
 fs/ceph/mds_client.h                               |  52 +-
 fs/ceph/snap.c                                     |   2 +-
 fs/ceph/super.h                                    |  70 +-
 fs/ceph/xattr.c                                    |   2 +-
 fs/ecryptfs/crypto.c                               |  24 +-
 fs/ecryptfs/keystore.c                             |  16 +-
 fs/exfat/namei.c                                   |  40 +-
 fs/fuse/dev.c                                      |   1 -
 fs/gfs2/bmap.c                                     |  19 +
 fs/gfs2/bmap.h                                     |   1 +
 fs/gfs2/file.c                                     |  15 +-
 fs/gfs2/quota.c                                    |  36 +-
 fs/gfs2/super.c                                    |   1 +
 fs/ntfs/mft.c                                      |   8 +-
 fs/read_write.c                                    |  23 +
 fs/smb/client/cached_dir.c                         | 400 ++++++++--
 fs/smb/client/cached_dir.h                         |  36 +-
 fs/smb/client/cifs_debug.c                         |   7 +-
 fs/smb/client/cifsacl.c                            |  38 +-
 fs/smb/client/cifsfs.h                             |   4 +-
 fs/smb/client/cifsglob.h                           |  28 +-
 fs/smb/client/cifsproto.h                          |   3 +
 fs/smb/client/connect.c                            |   4 +-
 fs/smb/client/dir.c                                |  34 +-
 fs/smb/client/file.c                               |   3 +
 fs/smb/client/inode.c                              |  16 +-
 fs/smb/client/readdir.c                            | 211 +-----
 fs/smb/client/smb1ops.c                            |   4 +-
 fs/smb/client/smb2misc.c                           |   7 +-
 fs/smb/client/smb2ops.c                            | 709 ++++++++++++++++--
 fs/smb/client/smb2pdu.c                            | 240 +++++-
 fs/smb/client/smb2pdu.h                            |  14 +
 fs/smb/client/smb2proto.h                          |   6 +-
 fs/smb/client/trace.h                              |   1 +
 fs/smb/client/transport.c                          | 170 ++++-
 fs/smb/common/smb2pdu.h                            |  24 +
 fs/smb/server/auth.c                               |  20 +-
 fs/smb/server/ksmbd_work.c                         |  58 +-
 fs/smb/server/ksmbd_work.h                         |   4 +
 fs/smb/server/misc.c                               |  14 +-
 fs/smb/server/oplock.c                             | 679 +++++++++++------
 fs/smb/server/oplock.h                             |  14 +-
 fs/smb/server/smb2pdu.c                            | 680 ++++++++++++-----
 fs/smb/server/smb2pdu.h                            |   2 +-
 fs/smb/server/vfs.c                                |  12 +-
 fs/smb/server/vfs_cache.c                          | 265 ++++++-
 fs/smb/server/vfs_cache.h                          |  18 +-
 fs/splice.c                                        | 202 +-----
 include/linux/pipe_fs_i.h                          |   1 -
 include/linux/skbuff.h                             |   4 +-
 include/linux/splice.h                             |   4 +-
 include/linux/syscalls.h                           |   4 +-
 include/trace/events/ceph.h                        |  67 ++
 tools/testing/selftests/Makefile                   |   1 +
 tools/testing/selftests/filesystems/ceph/Makefile  |   7 +
 tools/testing/selftests/filesystems/ceph/README    |  84 +++
 .../filesystems/ceph/reset_corner_cases.sh         | 646 +++++++++++++++++
 .../selftests/filesystems/ceph/reset_stress.sh     | 694 ++++++++++++++++++
 .../selftests/filesystems/ceph/run_validation.sh   | 350 +++++++++
 tools/testing/selftests/filesystems/ceph/settings  |   1 +
 .../filesystems/ceph/validate_consistency.py       | 297 ++++++++
 73 files changed, 6280 insertions(+), 1184 deletions(-)
 create mode 100644 tools/testing/selftests/filesystems/ceph/Makefile
 create mode 100644 tools/testing/selftests/filesystems/ceph/README
 create mode 100755 tools/testing/selftests/filesystems/ceph/reset_corner_cases.sh
 create mode 100755 tools/testing/selftests/filesystems/ceph/reset_stress.sh
 create mode 100755 tools/testing/selftests/filesystems/ceph/run_validation.sh
 create mode 100644 tools/testing/selftests/filesystems/ceph/settings
 create mode 100755 tools/testing/selftests/filesystems/ceph/validate_consistency.py
Merging printk/for-next (080d60fffa8e0 Merge branch 'for-7.3' into for-next)
$ git merge -m Merge branch 'for-next' of https://git.kernel.org/pub/scm/linux/kernel/git/printk/linux.git printk/for-next
Merge made by the 'ort' strategy.
 lib/tests/test_ratelimit.c | 29 +++++++++++++++++++----------
 lib/vsprintf.c             |  4 ++++
 2 files changed, 23 insertions(+), 10 deletions(-)
Merging pci/next (26ae421f7f49f Merge tag 'pci-v7.2-changes' of git://git.kernel.org/pub/scm/linux/kernel/git/pci/pci)
$ git merge -m Merge branch 'next' of https://git.kernel.org/pub/scm/linux/kernel/git/pci/pci.git pci/next
Already up to date.
Merging pstore/for-next/pstore (24b8f8dcb9a13 pstore/ftrace: Factor KASLR offset in the core kernel instruction addresses)
$ git merge -m Merge branch 'for-next/pstore' of https://git.kernel.org/pub/scm/linux/kernel/git/kees/linux.git pstore/for-next/pstore
Already up to date.
Merging hid/for-next (cf2fe24797e20 Merge branch 'for-7.1/upstream-fixes' into for-next)
$ git merge -m Merge branch 'for-next' of https://git.kernel.org/pub/scm/linux/kernel/git/hid/hid.git hid/for-next
Merge made by the 'ort' strategy.
Merging i2c/i2c/for-next (8cd9520d35a6c Linux 7.1)
$ git merge -m Merge branch 'i2c/for-next' of https://git.kernel.org/pub/scm/linux/kernel/git/wsa/linux.git i2c/i2c/for-next
Already up to date.
$ git am -3 ../patches/0001-i2c-Fix-up-the-rest-of-the-merge.patch
Applying: i2c: Fix up the rest of the merge
Using index info to reconstruct a base tree...
M	drivers/i2c/i2c-core-base.c
Falling back to patching base and 3-way merge...
Auto-merging drivers/i2c/i2c-core-base.c
No changes -- Patch already applied.
Merging i2c-host/i2c/i2c-host (71d8f7b0ed027 i2c: nomadik: Use generic definitions for bus frequencies)
$ git merge -m Merge branch 'i2c/i2c-host' of https://git.kernel.org/pub/scm/linux/kernel/git/andi.shyti/linux.git i2c-host/i2c/i2c-host
Merge made by the 'ort' strategy.
 .../bindings/i2c/altr,softip-i2c-v1.0.yaml         |  62 ++++
 .../devicetree/bindings/i2c/i2c-altera.txt         |  39 ---
 .../devicetree/bindings/i2c/i2c-axxia.txt          |  30 --
 .../devicetree/bindings/i2c/lsi,api2c.yaml         |  52 ++++
 .../bindings/i2c/qcom,sa8255p-geni-i2c.yaml        |  64 ++++
 drivers/i2c/busses/Kconfig                         |   2 +-
 drivers/i2c/busses/i2c-amd-asf-plat.c              |   4 +
 drivers/i2c/busses/i2c-davinci.c                   |   4 +-
 drivers/i2c/busses/i2c-k1.c                        | 183 +++++++++++-
 drivers/i2c/busses/i2c-microchip-corei2c.c         |   4 +-
 drivers/i2c/busses/i2c-nomadik.c                   |   4 +-
 drivers/i2c/busses/i2c-octeon-core.h               |   2 +-
 drivers/i2c/busses/i2c-pnx.c                       |   3 +-
 drivers/i2c/busses/i2c-qcom-geni.c                 | 328 ++++++++++-----------
 drivers/i2c/i2c-core-acpi.c                        |   6 +-
 15 files changed, 522 insertions(+), 265 deletions(-)
 create mode 100644 Documentation/devicetree/bindings/i2c/altr,softip-i2c-v1.0.yaml
 delete mode 100644 Documentation/devicetree/bindings/i2c/i2c-altera.txt
 delete mode 100644 Documentation/devicetree/bindings/i2c/i2c-axxia.txt
 create mode 100644 Documentation/devicetree/bindings/i2c/lsi,api2c.yaml
 create mode 100644 Documentation/devicetree/bindings/i2c/qcom,sa8255p-geni-i2c.yaml
Merging i2c-rust/rust-i2c-next (c0260c740d207 i2c: rust: mark I2cAdapter methods as inline)
$ git merge -m Merge branch 'rust-i2c-next' of https://github.com/ikrtn/rust-for-linux i2c-rust/rust-i2c-next
Auto-merging rust/kernel/i2c.rs
Merge made by the 'ort' strategy.
 rust/kernel/i2c.rs | 3 +++
 1 file changed, 3 insertions(+)
Merging i3c/i3c/next (678e9409dd78d i3c: mipi-i3c-hci: Use named initializers for platform_device_id's .driver_data)
$ git merge -m Merge branch 'i3c/next' of https://git.kernel.org/pub/scm/linux/kernel/git/i3c/linux.git i3c/i3c/next
Already up to date.
Merging dmi/dmi-for-next (1afafbaf749d8 firmware/dmi: Include product_family info to modalias)
$ git merge -m Merge branch 'dmi-for-next' of https://git.kernel.org/pub/scm/linux/kernel/git/jdelvare/staging.git dmi/dmi-for-next
Already up to date.
Merging hwmon-staging/hwmon-next (9955c92abe725 hwmon: tmp401: Read "ti,n-factor" as signed)
$ git merge -m Merge branch 'hwmon-next' of https://git.kernel.org/pub/scm/linux/kernel/git/groeck/linux-staging.git hwmon-staging/hwmon-next
Already up to date.
Merging jc_docs/docs-next (af0c119d0e288 Merge branch 'docs-mw' into docs-next)
$ git merge -m Merge branch 'docs-next' of git://git.lwn.net/linux.git jc_docs/docs-next
Merge made by the 'ort' strategy.
Merging v4l-dvb/next (06cb687a5132f media: v4l2-fwnode: Fix subdev owner overwritten in v4l2_async_register_subdev_sensor())
$ git merge -m Merge branch 'next' of git://linuxtv.org/media-ci/media-pending.git v4l-dvb/next
Already up to date.
Merging v4l-dvb-next/master (adc218676eef2 Linux 6.12)
$ git merge -m Merge branch 'master' of git://linuxtv.org/mchehab/media-next.git v4l-dvb-next/master
Already up to date.
Merging pm/linux-next (852b859dc948d Merge branch 'acpi-processor' into fixes)
$ git merge -m Merge branch 'linux-next' of https://git.kernel.org/pub/scm/linux/kernel/git/rafael/linux-pm.git pm/linux-next
Merge made by the 'ort' strategy.
 drivers/acpi/acpi_ipmi.c                  |  2 +-
 drivers/acpi/acpica/utnonansi.c           |  9 ++++++++
 drivers/acpi/processor_idle.c             |  4 ++--
 drivers/acpi/resource.c                   |  6 +++---
 drivers/acpi/riscv/cpuidle.c              |  2 +-
 drivers/acpi/sysfs.c                      | 14 ++++++------
 drivers/cpuidle/driver.c                  |  8 -------
 drivers/thermal/intel/therm_throt.c       |  7 +++++-
 drivers/thermal/testing/command.c         | 36 +++++++++++++++++++++++++++----
 drivers/thermal/testing/thermal_testing.h |  8 +++++++
 drivers/thermal/testing/zone.c            |  7 +++---
 kernel/sched/cpufreq_schedutil.c          |  1 +
 12 files changed, 73 insertions(+), 31 deletions(-)
Merging cpufreq-arm/cpufreq/arm/linux-next (b7a76f38ef350 cpufreq: ti: Add EPROBE_DEFER for K3 SoCs)
$ git merge -m Merge branch 'cpufreq/arm/linux-next' of https://git.kernel.org/pub/scm/linux/kernel/git/vireshk/pm.git cpufreq-arm/cpufreq/arm/linux-next
Already up to date.
Merging cpupower/cpupower (254f49634ee16 Linux 7.1-rc1)
$ git merge -m Merge branch 'cpupower' of https://git.kernel.org/pub/scm/linux/kernel/git/shuah/linux.git cpupower/cpupower
Already up to date.
Merging devfreq/devfreq-next (c096be11c2a9d PM / devfreq: Fix governor_store() failing when device has no current governor)
$ git merge -m Merge branch 'devfreq-next' of https://git.kernel.org/pub/scm/linux/kernel/git/chanwoo/linux.git devfreq/devfreq-next
Merge made by the 'ort' strategy.
 drivers/devfreq/devfreq.c            | 50 +++++++-----------------------------
 drivers/devfreq/event/rockchip-dfi.c |  4 ++-
 2 files changed, 12 insertions(+), 42 deletions(-)
Merging pmdomain/next (528ad521a433c pmdomain: core: fix unused variable warning with !PM_GENERIC_DOMAINS_OF)
$ git merge -m Merge branch 'next' of https://git.kernel.org/pub/scm/linux/kernel/git/ulfh/linux-pm.git pmdomain/next
Already up to date.
Merging opp/opp/linux-next (b59020834b2d8 opp: rust: mark OPP methods as inline)
$ git merge -m Merge branch 'opp/linux-next' of https://git.kernel.org/pub/scm/linux/kernel/git/vireshk/pm.git opp/opp/linux-next
Already up to date.
Merging thermal/thermal/linux-next (968098b4ca521 thermal/drivers/qcom/tsens: Disable wakeup interrupt setup on automotive targets)
$ git merge -m Merge branch 'thermal/linux-next' of https://git.kernel.org/pub/scm/linux/kernel/git/thermal/linux.git thermal/thermal/linux-next
Already up to date.
Merging rdma/for-next (d9c8c45e6d2f4 RDMA/irdma: Replace waitqueue and flag with completion)
$ git merge -m Merge branch 'for-next' of https://git.kernel.org/pub/scm/linux/kernel/git/rdma/rdma.git rdma/for-next
Already up to date.
Merging net-next/main (805185b7c7a10 Merge tag 'net-7.2-rc1' of git://git.kernel.org/pub/scm/linux/kernel/git/netdev/net)
$ git merge -m Merge branch 'main' of https://git.kernel.org/pub/scm/linux/kernel/git/netdev/net-next.git net-next/main
Already up to date.
Merging bpf-next/for-next (4edcdefd4083a Merge tag 'bpf-fixes' of git://git.kernel.org/pub/scm/linux/kernel/git/bpf/bpf)
$ git merge -m Merge branch 'for-next' of https://git.kernel.org/pub/scm/linux/kernel/git/bpf/bpf-next.git bpf-next/for-next
Already up to date.
$ git am -3 ../patches/0001-perf-Fixup-for-btf_vlan-API-change.patch
Applying: perf: Fixup for btf_vlan() API change
Using index info to reconstruct a base tree...
M	tools/perf/builtin-trace.c
M	tools/perf/util/btf.c
Falling back to patching base and 3-way merge...
Auto-merging tools/perf/builtin-trace.c
No changes -- Patch already applied.
Merging ipsec-next/master (355f808d8a11f Merge branch 'xfrm: XFRM_MSG_MIGRATE_STATE new netlink message')
$ git merge -m Merge branch 'master' of https://git.kernel.org/pub/scm/linux/kernel/git/klassert/ipsec-next.git ipsec-next/master
Already up to date.
Merging mlx5-next/mlx5-next (ddbddbf8aee54 net/mlx5: Add sd_group_size bits for SD management)
$ git merge -m Merge branch 'mlx5-next' of https://git.kernel.org/pub/scm/linux/kernel/git/mellanox/linux.git mlx5-next/mlx5-next
Already up to date.
Merging netfilter-next/main (805185b7c7a10 Merge tag 'net-7.2-rc1' of git://git.kernel.org/pub/scm/linux/kernel/git/netdev/net)
$ git merge -m Merge branch 'main' of https://git.kernel.org/pub/scm/linux/kernel/git/netfilter/nf-next.git netfilter-next/main
Already up to date.
Merging ipvs-next/main (d954a67a7dfa5 ipv4: fib_rule: Move fib4_rules_exit() to ->exit().)
$ git merge -m Merge branch 'main' of https://git.kernel.org/pub/scm/linux/kernel/git/horms/ipvs-next.git ipvs-next/main
Already up to date.
Merging bluetooth/master (ddd25808d4c2d Bluetooth: btusb: Add USB ID 13d3:3625 for MediaTek MT7922)
$ git merge -m Merge branch 'master' of https://git.kernel.org/pub/scm/linux/kernel/git/bluetooth/bluetooth-next.git bluetooth/master
Merge made by the 'ort' strategy.
 drivers/bluetooth/Makefile       |   2 +
 drivers/bluetooth/btnxpuart.c    |   6 ++
 drivers/bluetooth/btusb.c        |   4 +
 drivers/bluetooth/hci_ldisc.c    |  14 +++-
 include/net/bluetooth/hci_core.h |   1 +
 include/net/bluetooth/hci_sync.h |   3 -
 net/bluetooth/6lowpan.c          |  66 ++++++----------
 net/bluetooth/Makefile           |   2 +
 net/bluetooth/af_bluetooth.c     |   7 +-
 net/bluetooth/bnep/Makefile      |   2 +
 net/bluetooth/hci_conn.c         |  21 +----
 net/bluetooth/hci_core.c         |   3 +
 net/bluetooth/hci_debugfs.c      |  12 +--
 net/bluetooth/hci_sync.c         | 163 +++++++++++++++++++++++++++++----------
 net/bluetooth/hidp/Makefile      |   2 +
 net/bluetooth/iso.c              |  13 +++-
 net/bluetooth/l2cap_core.c       |  47 +++++++----
 net/bluetooth/l2cap_sock.c       |   1 +
 net/bluetooth/mgmt.c             |   5 ++
 net/bluetooth/msft.c             |   2 +-
 net/bluetooth/rfcomm/Makefile    |   2 +
 net/bluetooth/rfcomm/sock.c      |   1 +
 net/bluetooth/sco.c              |  15 +++-
 23 files changed, 254 insertions(+), 140 deletions(-)
Merging wireless-next/for-next (972c4dd19cb92 Merge tag 'wireless-next-2026-06-10' of https://git.kernel.org/pub/scm/linux/kernel/git/wireless/wireless-next)
$ git merge -m Merge branch 'for-next' of https://git.kernel.org/pub/scm/linux/kernel/git/wireless/wireless-next.git wireless-next/for-next
Already up to date.
Merging ath-next/for-next (972c4dd19cb92 Merge tag 'wireless-next-2026-06-10' of https://git.kernel.org/pub/scm/linux/kernel/git/wireless/wireless-next)
$ git merge -m Merge branch 'for-next' of https://git.kernel.org/pub/scm/linux/kernel/git/ath/ath.git ath-next/for-next
Already up to date.
Merging iwlwifi-next/next (a6136ca2dd977 wifi: iwlwifi: bump maximum core version for BZ/SC/DR to 106)
$ git merge -m Merge branch 'next' of https://git.kernel.org/pub/scm/linux/kernel/git/iwlwifi/iwlwifi-next.git iwlwifi-next/next
Already up to date.
Merging wpan-next/master (a6bfdfcc6711d ieee802154: allow legacy LLSEC ADD/DEL ops to pass strict validation)
$ git merge -m Merge branch 'master' of https://git.kernel.org/pub/scm/linux/kernel/git/wpan/wpan-next.git wpan-next/master
Already up to date.
Merging wpan-staging/staging (a6bfdfcc6711d ieee802154: allow legacy LLSEC ADD/DEL ops to pass strict validation)
$ git merge -m Merge branch 'staging' of https://git.kernel.org/pub/scm/linux/kernel/git/wpan/wpan-next.git wpan-staging/staging
Already up to date.
Merging mtd/mtd/next (49420dfdedd67 Merge tag 'nand/for-7.2' into mtd/next)
$ git merge -m Merge branch 'mtd/next' of https://git.kernel.org/pub/scm/linux/kernel/git/mtd/linux.git mtd/mtd/next
Already up to date.
Merging nand/nand/next (4f2692a5383e4 mtd: rawnand: ndfc: use ioread32be/iowrite32be and allow COMPILE_TEST)
$ git merge -m Merge branch 'nand/next' of https://git.kernel.org/pub/scm/linux/kernel/git/mtd/linux.git nand/nand/next
Already up to date.
Merging spi-nor/spi-nor/next (df415c5e1de0f mtd: spi-nor: spansion: add die erase support in s28hx-t)
$ git merge -m Merge branch 'spi-nor/next' of https://git.kernel.org/pub/scm/linux/kernel/git/mtd/linux.git spi-nor/spi-nor/next
Already up to date.
Merging crypto/master (6ea0ce3a19f9c crypto: tegra - fix refcount leak in tegra_se_host1x_submit())
$ git merge -m Merge branch 'master' of https://git.kernel.org/pub/scm/linux/kernel/git/herbert/cryptodev-2.6.git crypto/master
Already up to date.
Merging libcrypto/libcrypto-next (065f978a0e015 lib/crypto: gf128hash: mark clmul32() as noinline_for_stack)
$ git merge -m Merge branch 'libcrypto-next' of https://git.kernel.org/pub/scm/linux/kernel/git/ebiggers/linux.git libcrypto/libcrypto-next
Already up to date.
Merging drm/drm-next (0e8233409d4f6 Merge tag 'amd-drm-fixes-7.2-2026-06-19' of https://gitlab.freedesktop.org/agd5f/linux into drm-next)
$ git merge -m Merge branch 'drm-next' of https://gitlab.freedesktop.org/drm/kernel.git drm/drm-next
Auto-merging drivers/gpu/drm/amd/display/amdgpu_dm/amdgpu_dm.c
Merge made by the 'ort' strategy.
 drivers/gpu/drm/amd/amdgpu/amdgpu_amdkfd.c         |  23 ++-
 drivers/gpu/drm/amd/amdgpu/amdgpu_amdkfd.h         |   2 +-
 drivers/gpu/drm/amd/amdgpu/amdgpu_amdkfd_gpuvm.c   |  16 +-
 drivers/gpu/drm/amd/amdgpu/amdgpu_cs.c             |   6 +-
 drivers/gpu/drm/amd/amdgpu/amdgpu_ctx.c            |  73 ++++---
 drivers/gpu/drm/amd/amdgpu/amdgpu_dev_coredump.c   | 220 ++++++++++++---------
 drivers/gpu/drm/amd/amdgpu/amdgpu_device.c         |   4 +-
 drivers/gpu/drm/amd/amdgpu/amdgpu_gem.c            |   5 +
 drivers/gpu/drm/amd/amdgpu/amdgpu_gfx.c            |  10 +-
 drivers/gpu/drm/amd/amdgpu/amdgpu_gtt_mgr.c        |  30 ++-
 drivers/gpu/drm/amd/amdgpu/amdgpu_irq.c            |   4 +-
 drivers/gpu/drm/amd/amdgpu/amdgpu_lockdep.c        | 103 +++++-----
 drivers/gpu/drm/amd/amdgpu/amdgpu_ttm.c            |  18 ++
 drivers/gpu/drm/amd/amdgpu/amdgpu_uvd.c            |  50 +++--
 drivers/gpu/drm/amd/amdgpu/amdgpu_vm.c             |  91 +++++----
 drivers/gpu/drm/amd/amdgpu/amdgpu_vm.h             |   2 +-
 drivers/gpu/drm/amd/amdgpu/gfx_v9_0.c              |  39 ++++
 drivers/gpu/drm/amd/amdgpu/ih_v6_1.c               |   2 +-
 drivers/gpu/drm/amd/amdkfd/kfd_chardev.c           |  56 ++----
 drivers/gpu/drm/amd/amdkfd/kfd_doorbell.c          |   8 +-
 drivers/gpu/drm/amd/amdkfd/kfd_migrate.c           |   8 +-
 drivers/gpu/drm/amd/amdkfd/kfd_process.c           |  46 +++--
 .../gpu/drm/amd/amdkfd/kfd_process_queue_manager.c |  12 +-
 drivers/gpu/drm/amd/amdkfd/kfd_smi_events.c        |  99 ++++++----
 drivers/gpu/drm/amd/amdkfd/kfd_smi_events.h        |  14 +-
 drivers/gpu/drm/amd/amdkfd/kfd_svm.c               |  15 +-
 drivers/gpu/drm/amd/display/amdgpu_dm/amdgpu_dm.c  |  10 +-
 .../drm/amd/display/amdgpu_dm/amdgpu_dm_helpers.c  |  13 +-
 .../drm/amd/display/amdgpu_dm/amdgpu_dm_plane.c    |   1 +
 .../amd/display/dc/clk_mgr/dcn31/dcn31_clk_mgr.c   |   2 -
 .../amd/display/dc/clk_mgr/dcn314/dcn314_clk_mgr.c |   2 -
 .../amd/display/dc/clk_mgr/dcn35/dcn35_clk_mgr.c   |   2 +
 .../gpu/drm/amd/pm/swsmu/smu15/smu_v15_0_0_ppt.c   |   7 +-
 drivers/gpu/drm/i915/display/intel_atomic.c        |   6 +
 drivers/gpu/drm/i915/display/intel_ddi.c           |  11 +-
 drivers/gpu/drm/i915/display/intel_dp_mst.c        |   4 +
 drivers/gpu/drm/radeon/r100.c                      |  13 +-
 drivers/gpu/drm/xe/Makefile                        |   4 +-
 drivers/gpu/drm/xe/regs/xe_gtt_defs.h              |   6 +-
 drivers/gpu/drm/xe/xe_device.c                     |   3 +-
 drivers/gpu/drm/xe/xe_guc_capture.c                |  10 +-
 drivers/gpu/drm/xe/xe_pt.c                         | 131 +++++++-----
 42 files changed, 731 insertions(+), 450 deletions(-)
$ git am -3 ../patches/0001-drm-Fix-up-lut3d-mismerge.patch
Applying: drm: Fix up lut3d mismerge
Using index info to reconstruct a base tree...
M	drivers/gpu/drm/drm_atomic.c
M	include/drm/drm_colorop.h
Falling back to patching base and 3-way merge...
No changes -- Patch already applied.
Merging drm-exynos/for-linux-next (3a8660878839f Linux 6.18-rc1)
$ git merge -m Merge branch 'for-linux-next' of https://git.kernel.org/pub/scm/linux/kernel/git/daeinki/drm-exynos.git drm-exynos/for-linux-next
Already up to date.
Merging drm-misc/for-linux-next (52d4ab1ca790a Merge tag 'drm-misc-next-fixes-2026-06-11' of https://gitlab.freedesktop.org/drm/misc/kernel into drm-next)
$ git merge -m Merge branch 'for-linux-next' of https://gitlab.freedesktop.org/drm/misc/kernel.git drm-misc/for-linux-next
Already up to date.
$ git am -3 ../patches/0001-drm-bridge-microchip-lvds-Rename-drm_atomic_state-to.patch
Applying: drm/bridge: microchip-lvds: Rename drm_atomic_state to drm_atomic_commit
Using index info to reconstruct a base tree...
M	drivers/gpu/drm/bridge/microchip-lvds.c
Falling back to patching base and 3-way merge...
No changes -- Patch already applied.
Merging amdgpu/drm-next (991fd2cb908bf drm/amdgpu/sdma4.4.2: add support for disabling kernel queues)
$ git merge -m Merge branch 'drm-next' of https://gitlab.freedesktop.org/agd5f/linux.git amdgpu/drm-next
Auto-merging drivers/gpu/drm/amd/amdgpu/amdgpu_amdkfd.c
Auto-merging drivers/gpu/drm/amd/amdgpu/amdgpu_amdkfd.h
Auto-merging drivers/gpu/drm/amd/amdgpu/amdgpu_ctx.c
CONFLICT (content): Merge conflict in drivers/gpu/drm/amd/amdgpu/amdgpu_ctx.c
Auto-merging drivers/gpu/drm/amd/amdgpu/amdgpu_dev_coredump.c
Auto-merging drivers/gpu/drm/amd/amdgpu/amdgpu_device.c
CONFLICT (content): Merge conflict in drivers/gpu/drm/amd/amdgpu/amdgpu_device.c
Auto-merging drivers/gpu/drm/amd/amdgpu/amdgpu_gfx.c
Auto-merging drivers/gpu/drm/amd/amdgpu/gfx_v9_0.c
Auto-merging drivers/gpu/drm/amd/amdkfd/kfd_chardev.c
Auto-merging drivers/gpu/drm/amd/amdkfd/kfd_process.c
Auto-merging drivers/gpu/drm/amd/display/amdgpu_dm/amdgpu_dm.c
Auto-merging drivers/gpu/drm/amd/display/amdgpu_dm/amdgpu_dm_helpers.c
Auto-merging drivers/gpu/drm/drm_connector.c
Auto-merging drivers/gpu/drm/drm_displayid_internal.h
Auto-merging drivers/gpu/drm/drm_edid.c
Auto-merging include/drm/drm_connector.h
Resolved 'drivers/gpu/drm/amd/amdgpu/amdgpu_ctx.c' using previous resolution.
Resolved 'drivers/gpu/drm/amd/amdgpu/amdgpu_device.c' using previous resolution.
Automatic merge failed; fix conflicts and then commit the result.
$ git commit --no-edit -v -a
[master 104dbd2887deb] Merge branch 'drm-next' of https://gitlab.freedesktop.org/agd5f/linux.git
$ git diff -M --stat --summary HEAD^..
 drivers/gpu/drm/amd/amdgpu/amdgpu.h                |    4 +-
 drivers/gpu/drm/amd/amdgpu/amdgpu_amdkfd.c         |   14 +
 drivers/gpu/drm/amd/amdgpu/amdgpu_amdkfd.h         |   22 +-
 .../gpu/drm/amd/amdgpu/amdgpu_amdkfd_gc_9_4_3.c    |   63 +-
 drivers/gpu/drm/amd/amdgpu/amdgpu_ctx.c            |  215 +-
 drivers/gpu/drm/amd/amdgpu/amdgpu_ctx.h            |   14 +-
 drivers/gpu/drm/amd/amdgpu/amdgpu_debugfs.c        |    7 +
 drivers/gpu/drm/amd/amdgpu/amdgpu_dev_coredump.c   |    1 +
 drivers/gpu/drm/amd/amdgpu/amdgpu_device.c         |    6 +
 drivers/gpu/drm/amd/amdgpu/amdgpu_discovery.c      |  303 +-
 drivers/gpu/drm/amd/amdgpu/amdgpu_discovery.h      |    6 +
 drivers/gpu/drm/amd/amdgpu/amdgpu_drv.c            |   15 +-
 drivers/gpu/drm/amd/amdgpu/amdgpu_fence.c          |   53 +-
 drivers/gpu/drm/amd/amdgpu/amdgpu_gfx.c            |  261 +
 drivers/gpu/drm/amd/amdgpu/amdgpu_gfx.h            |   22 +
 drivers/gpu/drm/amd/amdgpu/amdgpu_ip.h             |    1 +
 drivers/gpu/drm/amd/amdgpu/amdgpu_jpeg.h           |    3 +
 drivers/gpu/drm/amd/amdgpu/amdgpu_kms.c            |   27 +
 drivers/gpu/drm/amd/amdgpu/amdgpu_mes.c            |   70 +-
 drivers/gpu/drm/amd/amdgpu/amdgpu_mes.h            |   14 +
 drivers/gpu/drm/amd/amdgpu/amdgpu_preempt_mgr.c    |   14 +-
 drivers/gpu/drm/amd/amdgpu/amdgpu_psp_ta.c         |    5 +-
 drivers/gpu/drm/amd/amdgpu/amdgpu_ras.c            |    7 +
 drivers/gpu/drm/amd/amdgpu/amdgpu_ras_eeprom.c     |    5 +-
 drivers/gpu/drm/amd/amdgpu/amdgpu_ring.h           |    3 +
 drivers/gpu/drm/amd/amdgpu/amdgpu_rlc.c            |   39 +
 drivers/gpu/drm/amd/amdgpu/amdgpu_rlc.h            |   10 +
 drivers/gpu/drm/amd/amdgpu/amdgpu_sched.c          |    8 +-
 drivers/gpu/drm/amd/amdgpu/amdgpu_sdma.c           |   19 +-
 drivers/gpu/drm/amd/amdgpu/amdgpu_trace.h          |  150 +
 drivers/gpu/drm/amd/amdgpu/amdgpu_ttm.h            |    1 +
 drivers/gpu/drm/amd/amdgpu/amdgpu_userq.c          |  125 +-
 drivers/gpu/drm/amd/amdgpu/amdgpu_userq.h          |    5 +-
 drivers/gpu/drm/amd/amdgpu/amdgpu_userq_fence.c    |   10 +-
 drivers/gpu/drm/amd/amdgpu/amdgpu_vcn.c            |   64 +-
 drivers/gpu/drm/amd/amdgpu/amdgpu_vcn.h            |    3 +
 drivers/gpu/drm/amd/amdgpu/gfx_v10_0.c             |    2 +
 drivers/gpu/drm/amd/amdgpu/gfx_v11_0.c             |  266 +-
 drivers/gpu/drm/amd/amdgpu/gfx_v12_0.c             |  218 +-
 drivers/gpu/drm/amd/amdgpu/gfx_v12_1.c             |    4 +
 drivers/gpu/drm/amd/amdgpu/gfx_v9_0.c              |    2 +
 drivers/gpu/drm/amd/amdgpu/gfx_v9_4_3.c            |    2 +
 drivers/gpu/drm/amd/amdgpu/jpeg_v4_0_3.c           |   17 +
 drivers/gpu/drm/amd/amdgpu/jpeg_v5_0_1.c           |   17 +
 drivers/gpu/drm/amd/amdgpu/mes_userqueue.c         |  146 +-
 drivers/gpu/drm/amd/amdgpu/mes_userqueue.h         |    9 +
 drivers/gpu/drm/amd/amdgpu/mes_v11_0.c             |  238 +-
 drivers/gpu/drm/amd/amdgpu/mes_v12_0.c             |  254 +-
 drivers/gpu/drm/amd/amdgpu/mes_v12_1.c             |   22 +-
 drivers/gpu/drm/amd/amdgpu/sdma_v4_4_2.c           |   14 +
 drivers/gpu/drm/amd/amdgpu/soc15_common.h          |   55 +-
 drivers/gpu/drm/amd/amdgpu/vcn_v4_0.c              |   45 +-
 drivers/gpu/drm/amd/amdgpu/vcn_v4_0_3.c            |   17 +
 drivers/gpu/drm/amd/amdgpu/vcn_v4_0_5.c            |    6 +-
 drivers/gpu/drm/amd/amdgpu/vcn_v5_0_1.c            |   17 +
 drivers/gpu/drm/amd/amdkfd/kfd_chardev.c           |    3 +-
 drivers/gpu/drm/amd/amdkfd/kfd_device.c            |   24 +
 .../gpu/drm/amd/amdkfd/kfd_device_queue_manager.c  |  195 +-
 .../gpu/drm/amd/amdkfd/kfd_device_queue_manager.h  |    2 +
 drivers/gpu/drm/amd/amdkfd/kfd_events.c            |  173 +-
 drivers/gpu/drm/amd/amdkfd/kfd_events.h            |    3 -
 drivers/gpu/drm/amd/amdkfd/kfd_mqd_manager.c       |   16 +
 drivers/gpu/drm/amd/amdkfd/kfd_mqd_manager.h       |    2 +
 drivers/gpu/drm/amd/amdkfd/kfd_mqd_manager_v9.c    |   14 -
 drivers/gpu/drm/amd/amdkfd/kfd_priv.h              |   16 +-
 drivers/gpu/drm/amd/amdkfd/kfd_process.c           |   45 +-
 drivers/gpu/drm/amd/amdkfd/kfd_topology.c          |   14 +-
 drivers/gpu/drm/amd/amdxcp/amdgpu_xcp_drv.c        |   18 +-
 drivers/gpu/drm/amd/display/amdgpu_dm/Makefile     |    6 +-
 drivers/gpu/drm/amd/display/amdgpu_dm/amdgpu_dm.c  | 7089 +-------------------
 drivers/gpu/drm/amd/display/amdgpu_dm/amdgpu_dm.h  |   79 +-
 .../drm/amd/display/amdgpu_dm/amdgpu_dm_audio.c    |  323 +
 .../drm/amd/display/amdgpu_dm/amdgpu_dm_audio.h    |   56 +
 .../amd/display/amdgpu_dm/amdgpu_dm_backlight.c    |  704 ++
 .../amd/display/amdgpu_dm/amdgpu_dm_backlight.h    |   67 +
 .../drm/amd/display/amdgpu_dm/amdgpu_dm_color.c    |   69 +-
 .../drm/amd/display/amdgpu_dm/amdgpu_dm_color.h    |    8 +-
 .../amd/display/amdgpu_dm/amdgpu_dm_connector.c    | 3605 ++++++++++
 .../amd/display/amdgpu_dm/amdgpu_dm_connector.h    |  162 +
 .../gpu/drm/amd/display/amdgpu_dm/amdgpu_dm_crc.c  |  100 +-
 .../gpu/drm/amd/display/amdgpu_dm/amdgpu_dm_crc.h  |    6 +
 .../gpu/drm/amd/display/amdgpu_dm/amdgpu_dm_crtc.c |   14 +-
 .../gpu/drm/amd/display/amdgpu_dm/amdgpu_dm_crtc.h |    6 +
 .../drm/amd/display/amdgpu_dm/amdgpu_dm_debugfs.c  |   78 +-
 .../gpu/drm/amd/display/amdgpu_dm/amdgpu_dm_dmub.c |  933 +++
 .../gpu/drm/amd/display/amdgpu_dm/amdgpu_dm_dmub.h |   68 +
 .../gpu/drm/amd/display/amdgpu_dm/amdgpu_dm_hdcp.c |  115 +-
 .../gpu/drm/amd/display/amdgpu_dm/amdgpu_dm_hdcp.h |   12 +
 .../drm/amd/display/amdgpu_dm/amdgpu_dm_helpers.c  |   66 +-
 .../drm/amd/display/amdgpu_dm/amdgpu_dm_helpers.h  |   20 +
 .../gpu/drm/amd/display/amdgpu_dm/amdgpu_dm_irq.c  | 1551 ++++-
 .../gpu/drm/amd/display/amdgpu_dm/amdgpu_dm_irq.h  |   27 +
 .../display/amdgpu_dm/amdgpu_dm_kunit_helpers.h    |    1 +
 .../amd/display/amdgpu_dm/amdgpu_dm_mst_types.c    |  170 +-
 .../amd/display/amdgpu_dm/amdgpu_dm_mst_types.h    |   18 +
 .../drm/amd/display/amdgpu_dm/amdgpu_dm_pp_smu.c   |  277 +-
 .../drm/amd/display/amdgpu_dm/amdgpu_dm_pp_smu.h   |   38 +
 .../drm/amd/display/amdgpu_dm/amdgpu_dm_quirks.c   |    2 +
 .../drm/amd/display/amdgpu_dm/amdgpu_dm_replay.c   |    7 +-
 .../drm/amd/display/amdgpu_dm/amdgpu_dm_services.c |    7 +
 .../gpu/drm/amd/display/amdgpu_dm/amdgpu_dm_wb.c   |   15 +-
 .../gpu/drm/amd/display/amdgpu_dm/amdgpu_dm_wb.h   |   13 +
 .../drm/amd/display/amdgpu_dm/tests/.kunitconfig   |    3 +
 .../gpu/drm/amd/display/amdgpu_dm/tests/Makefile   |   15 +
 .../display/amdgpu_dm/tests/amdgpu_dm_audio_test.c |  490 ++
 .../amdgpu_dm/tests/amdgpu_dm_backlight_test.c     | 1128 ++++
 .../display/amdgpu_dm/tests/amdgpu_dm_color_test.c |   64 +-
 .../amdgpu_dm/tests/amdgpu_dm_connector_test.c     | 2142 ++++++
 .../display/amdgpu_dm/tests/amdgpu_dm_crc_test.c   |  122 +
 .../display/amdgpu_dm/tests/amdgpu_dm_crtc_test.c  |  532 ++
 .../display/amdgpu_dm/tests/amdgpu_dm_dmub_test.c  |  600 ++
 .../display/amdgpu_dm/tests/amdgpu_dm_hdcp_test.c  |  297 +-
 .../amdgpu_dm/tests/amdgpu_dm_helpers_test.c       |  645 ++
 .../display/amdgpu_dm/tests/amdgpu_dm_irq_test.c   |  934 +++
 .../amdgpu_dm/tests/amdgpu_dm_mst_types_test.c     |  509 ++
 .../amdgpu_dm/tests/amdgpu_dm_pp_smu_test.c        |  977 +++
 .../amdgpu_dm/tests/amdgpu_dm_quirks_test.c        |  103 +
 .../amdgpu_dm/tests/amdgpu_dm_services_test.c      |  313 +
 .../amd/display/amdgpu_dm/tests/amdgpu_dm_test.c   |  929 +++
 .../display/amdgpu_dm/tests/amdgpu_dm_wb_test.c    |  336 +
 drivers/gpu/drm/amd/display/dc/core/dc.c           |  289 +-
 .../gpu/drm/amd/display/dc/core/dc_hw_sequencer.c  |   20 +-
 drivers/gpu/drm/amd/display/dc/core/dc_surface.c   |   44 +-
 drivers/gpu/drm/amd/display/dc/dc.h                |  231 +-
 drivers/gpu/drm/amd/display/dc/dc_dmub_srv.c       |   12 -
 drivers/gpu/drm/amd/display/dc/dc_dmub_srv.h       |    9 -
 drivers/gpu/drm/amd/display/dc/dc_dp_types.h       |    1 +
 drivers/gpu/drm/amd/display/dc/dc_helper.c         |  226 -
 drivers/gpu/drm/amd/display/dc/dc_stream.h         |   29 +
 drivers/gpu/drm/amd/display/dc/dc_types.h          |   66 +-
 .../gpu/drm/amd/display/dc/dccg/dcn42/dcn42_dccg.c |    6 +-
 drivers/gpu/drm/amd/display/dc/dm_services.h       |    4 -
 .../gpu/drm/amd/display/dc/dml/calcs/dcn_calcs.c   |    2 +-
 .../display/dc/dml2_0/dml21/dml21_wrapper_fpu.c    |    8 +-
 .../dml21/inc/bounding_boxes/dcn42b_soc_bb.h       |    2 +-
 .../dml2_0/dml21/src/dml2_core/dml2_core_factory.c |    2 -
 .../dml21/src/dml2_core/dml2_core_shared_types.h   |    2 -
 .../dml21/src/inc/dml2_internal_shared_types.h     |    1 -
 .../drm/amd/display/dc/dpp/dcn10/dcn10_dpp_cm.c    |    5 -
 .../drm/amd/display/dc/hubbub/dcn31/dcn31_hubbub.c |    8 +-
 .../drm/amd/display/dc/hubp/dcn401/dcn401_hubp.c   |    2 +-
 .../gpu/drm/amd/display/dc/hubp/dcn42/dcn42_hubp.c |    6 +
 .../drm/amd/display/dc/hwss/dce110/dce110_hwseq.c  |    8 +-
 .../drm/amd/display/dc/hwss/dce60/dce60_hwseq.c    |    8 +-
 .../drm/amd/display/dc/hwss/dcn10/dcn10_hwseq.c    |   62 +-
 .../drm/amd/display/dc/hwss/dcn20/dcn20_hwseq.c    |   76 +-
 .../drm/amd/display/dc/hwss/dcn201/dcn201_hwseq.c  |    2 +-
 .../drm/amd/display/dc/hwss/dcn30/dcn30_hwseq.c    |   10 +-
 .../drm/amd/display/dc/hwss/dcn32/dcn32_hwseq.c    |   33 +-
 .../drm/amd/display/dc/hwss/dcn35/dcn35_hwseq.c    |    3 -
 .../drm/amd/display/dc/hwss/dcn401/dcn401_hwseq.c  |  244 +-
 .../drm/amd/display/dc/hwss/dcn401/dcn401_hwseq.h  |    2 +-
 .../drm/amd/display/dc/hwss/dcn42/dcn42_hwseq.c    |  327 +-
 .../drm/amd/display/dc/hwss/dcn42/dcn42_hwseq.h    |    5 +-
 .../drm/amd/display/dc/hwss/hw_sequencer_private.h |    3 +-
 drivers/gpu/drm/amd/display/dc/inc/hw/clk_mgr.h    |    4 +
 drivers/gpu/drm/amd/display/dc/inc/hw/hubp.h       |    2 +-
 drivers/gpu/drm/amd/display/dc/inc/reg_helper.h    |   19 -
 .../drm/amd/display/dc/inc/soc_and_ip_translator.h |   14 -
 .../display/dc/link/protocols/link_dp_capability.c |    6 +-
 .../gpu/drm/amd/display/dc/mpc/dcn20/dcn20_mpc.c   |    4 -
 .../gpu/drm/amd/display/dc/optc/dcn10/dcn10_optc.c |    5 -
 .../gpu/drm/amd/display/dc/optc/dcn20/dcn20_optc.c |    5 -
 .../gpu/drm/amd/display/dc/optc/dcn31/dcn31_optc.c |    5 -
 .../drm/amd/display/dc/optc/dcn314/dcn314_optc.c   |    5 -
 .../gpu/drm/amd/display/dc/optc/dcn32/dcn32_optc.c |    5 -
 .../gpu/drm/amd/display/dc/optc/dcn35/dcn35_optc.c |    5 -
 .../drm/amd/display/dc/optc/dcn401/dcn401_optc.c   |    5 -
 .../amd/display/dc/resource/dcn35/dcn35_resource.c |    1 -
 .../display/dc/resource/dcn351/dcn351_resource.c   |    1 -
 .../amd/display/dc/resource/dcn36/dcn36_resource.c |    1 -
 .../amd/display/dc/resource/dcn42/dcn42_resource.c |    1 +
 .../display/dc/resource/dcn42b/dcn42b_resource.c   |    2 +-
 drivers/gpu/drm/amd/display/dmub/inc/dmub_cmd.h    |  178 +-
 .../drm/amd/display/include/ddc_service_types.h    |    1 +
 .../drm/amd/display/modules/power/power_replay.c   |    9 +-
 .../amd/include/asic_reg/sdma/sdma_4_4_2_offset.h  |    4 +
 drivers/gpu/drm/amd/include/kgd_kfd_interface.h    |    3 +
 drivers/gpu/drm/amd/include/mes_v11_api_def.h      |    5 +-
 drivers/gpu/drm/amd/include/mes_v12_api_def.h      |    5 +-
 drivers/gpu/drm/amd/include/soc15_hw_ip.h          |    1 +
 drivers/gpu/drm/amd/include/v9_structs.h           |    4 +-
 .../gpu/drm/amd/pm/powerplay/hwmgr/smu7_hwmgr.c    |   36 +-
 .../gpu/drm/amd/pm/powerplay/hwmgr/vega10_hwmgr.c  |   39 +-
 drivers/gpu/drm/amd/pm/swsmu/smu11/arcturus_ppt.c  |    7 +-
 drivers/gpu/drm/amd/pm/swsmu/smu11/navi10_ppt.c    |    7 +-
 .../drm/amd/pm/swsmu/smu11/sienna_cichlid_ppt.c    |    7 +-
 .../gpu/drm/amd/pm/swsmu/smu13/smu_v13_0_0_ppt.c   |    7 +-
 .../gpu/drm/amd/pm/swsmu/smu13/smu_v13_0_12_ppt.c  |    2 +-
 .../gpu/drm/amd/pm/swsmu/smu13/smu_v13_0_7_ppt.c   |    7 +-
 .../gpu/drm/amd/pm/swsmu/smu14/smu_v14_0_2_ppt.c   |    7 +-
 drivers/gpu/drm/amd/pm/swsmu/smu_cmn.h             |   10 +
 drivers/gpu/drm/amd/ras/ras_mgr/amdgpu_ras_cmd.c   |    3 -
 .../drm/amd/ras/ras_mgr/amdgpu_ras_eeprom_i2c.c    |    2 +-
 drivers/gpu/drm/amd/ras/ras_mgr/amdgpu_ras_mgr.c   |   44 +-
 drivers/gpu/drm/amd/ras/ras_mgr/amdgpu_ras_sys.c   |   19 +
 drivers/gpu/drm/amd/ras/ras_mgr/ras_sys.h          |    3 +
 drivers/gpu/drm/amd/ras/rascore/ras.h              |    2 +
 drivers/gpu/drm/amd/ras/rascore/ras_aca_v1_0.c     |   13 +-
 drivers/gpu/drm/amd/ras/rascore/ras_core.c         |   10 +
 drivers/gpu/drm/amd/ras/rascore/ras_eeprom.c       |    3 +
 drivers/gpu/drm/amd/ras/rascore/ras_eeprom_fw.c    |    2 +-
 drivers/gpu/drm/amd/ras/rascore/ras_process.c      |    5 +-
 drivers/gpu/drm/amd/ras/rascore/ras_umc.c          |   32 +-
 drivers/gpu/drm/amd/ras/rascore/ras_umc.h          |    6 +
 drivers/gpu/drm/drm_connector.c                    |    3 +-
 drivers/gpu/drm/drm_displayid_internal.h           |   24 +
 drivers/gpu/drm/drm_edid.c                         |   80 +-
 drivers/gpu/drm/radeon/r600_dpm.c                  |   21 +-
 include/drm/drm_connector.h                        |    6 +
 include/uapi/drm/amdgpu_drm.h                      |   21 +
 include/uapi/drm/drm_mode.h                        |    1 +
 212 files changed, 22123 insertions(+), 9680 deletions(-)
 create mode 100644 drivers/gpu/drm/amd/display/amdgpu_dm/amdgpu_dm_audio.c
 create mode 100644 drivers/gpu/drm/amd/display/amdgpu_dm/amdgpu_dm_audio.h
 create mode 100644 drivers/gpu/drm/amd/display/amdgpu_dm/amdgpu_dm_backlight.c
 create mode 100644 drivers/gpu/drm/amd/display/amdgpu_dm/amdgpu_dm_backlight.h
 create mode 100644 drivers/gpu/drm/amd/display/amdgpu_dm/amdgpu_dm_connector.c
 create mode 100644 drivers/gpu/drm/amd/display/amdgpu_dm/amdgpu_dm_connector.h
 create mode 100644 drivers/gpu/drm/amd/display/amdgpu_dm/amdgpu_dm_dmub.c
 create mode 100644 drivers/gpu/drm/amd/display/amdgpu_dm/amdgpu_dm_dmub.h
 create mode 100644 drivers/gpu/drm/amd/display/amdgpu_dm/amdgpu_dm_helpers.h
 create mode 100644 drivers/gpu/drm/amd/display/amdgpu_dm/amdgpu_dm_pp_smu.h
 create mode 100644 drivers/gpu/drm/amd/display/amdgpu_dm/tests/amdgpu_dm_audio_test.c
 create mode 100644 drivers/gpu/drm/amd/display/amdgpu_dm/tests/amdgpu_dm_backlight_test.c
 create mode 100644 drivers/gpu/drm/amd/display/amdgpu_dm/tests/amdgpu_dm_connector_test.c
 create mode 100644 drivers/gpu/drm/amd/display/amdgpu_dm/tests/amdgpu_dm_crtc_test.c
 create mode 100644 drivers/gpu/drm/amd/display/amdgpu_dm/tests/amdgpu_dm_dmub_test.c
 create mode 100644 drivers/gpu/drm/amd/display/amdgpu_dm/tests/amdgpu_dm_helpers_test.c
 create mode 100644 drivers/gpu/drm/amd/display/amdgpu_dm/tests/amdgpu_dm_irq_test.c
 create mode 100644 drivers/gpu/drm/amd/display/amdgpu_dm/tests/amdgpu_dm_mst_types_test.c
 create mode 100644 drivers/gpu/drm/amd/display/amdgpu_dm/tests/amdgpu_dm_pp_smu_test.c
 create mode 100644 drivers/gpu/drm/amd/display/amdgpu_dm/tests/amdgpu_dm_quirks_test.c
 create mode 100644 drivers/gpu/drm/amd/display/amdgpu_dm/tests/amdgpu_dm_services_test.c
 create mode 100644 drivers/gpu/drm/amd/display/amdgpu_dm/tests/amdgpu_dm_test.c
 create mode 100644 drivers/gpu/drm/amd/display/amdgpu_dm/tests/amdgpu_dm_wb_test.c
$ git am -3 ../patches/0001-amdgpu-Fix-up-drm_atomic_commit-rename.patch
Applying: amdgpu: Fix up drm_atomic_commit rename
Using index info to reconstruct a base tree...
M	drivers/gpu/drm/amd/display/amdgpu_dm/amdgpu_dm.c
Falling back to patching base and 3-way merge...
Auto-merging drivers/gpu/drm/amd/display/amdgpu_dm/amdgpu_dm.c
No changes -- Patch already applied.
Merging drm-intel/for-linux-next (2ee8dbd880b14 drm/i915/cdclk: Fix up CDCLK_FREQ_DECIMAL without a full PLL re-enable)
$ git merge -m Merge branch 'for-linux-next' of https://gitlab.freedesktop.org/drm/i915/kernel.git drm-intel/for-linux-next
Merge made by the 'ort' strategy.
 drivers/gpu/drm/i915/display/intel_cdclk.c  | 41 ++++++++++++++++++++++++-----
 drivers/gpu/drm/i915/gem/i915_gem_context.c |  1 +
 2 files changed, 35 insertions(+), 7 deletions(-)
Merging drm-msm/msm-next (9a967125427e0 drm/msm/adreno: add Adreno 810 GPU support)
$ git merge -m Merge branch 'msm-next' of https://gitlab.freedesktop.org/drm/msm.git drm-msm/msm-next
Already up to date.
Merging drm-msm-lumag/msm-next-lumag (8de061ca149c9 drm/msm: Restore second parameter name in purge() and evict())
$ git merge -m Merge branch 'msm-next-lumag' of https://gitlab.freedesktop.org/lumag/msm.git drm-msm-lumag/msm-next-lumag
Already up to date.
Merging drm-xe/drm-xe-next (c4508edb2c723 drm/xe: Return error on non-migratable faults requiring devmem)
$ git merge -m Merge branch 'drm-xe-next' of https://gitlab.freedesktop.org/drm/xe/kernel.git drm-xe/drm-xe-next
Auto-merging drivers/gpu/drm/xe/xe_device.c
Auto-merging drivers/gpu/drm/xe/xe_drm_ras.c
Auto-merging drivers/gpu/drm/xe/xe_guc_submit.c
CONFLICT (content): Merge conflict in drivers/gpu/drm/xe/xe_guc_submit.c
Auto-merging drivers/gpu/drm/xe/xe_hw_error.c
Auto-merging drivers/gpu/drm/xe/xe_pt.c
Auto-merging kernel/events/core.c
Resolved 'drivers/gpu/drm/xe/xe_guc_submit.c' using previous resolution.
Automatic merge failed; fix conflicts and then commit the result.
$ git commit --no-edit -v -a
[master 2516e02caee8e] Merge branch 'drm-xe-next' of https://gitlab.freedesktop.org/drm/xe/kernel.git
$ git diff -M --stat --summary HEAD^..
 .../ABI/testing/sysfs-driver-intel-xe-hwmon        |   7 +
 drivers/gpu/drm/xe/Kconfig.profile                 |  71 ++++---
 drivers/gpu/drm/xe/tests/Makefile                  |   1 +
 drivers/gpu/drm/xe/tests/xe_rtp_tables_test.c      |  91 +++++++++
 drivers/gpu/drm/xe/tests/xe_rtp_test.c             | 155 ++++++++------
 drivers/gpu/drm/xe/xe_device.c                     |  29 ++-
 drivers/gpu/drm/xe/xe_device_types.h               |   2 +
 drivers/gpu/drm/xe/xe_drm_ras.c                    |  41 ++--
 drivers/gpu/drm/xe/xe_eu_stall.c                   |   5 +-
 drivers/gpu/drm/xe/xe_exec_queue_types.h           |   2 -
 drivers/gpu/drm/xe/xe_execlist.c                   |   7 -
 drivers/gpu/drm/xe/xe_ggtt.c                       |   8 +-
 drivers/gpu/drm/xe/xe_gt_debugfs.c                 |   4 +-
 drivers/gpu/drm/xe/xe_gt_mcr.c                     |  16 +-
 drivers/gpu/drm/xe/xe_guc_submit.c                 |  18 +-
 drivers/gpu/drm/xe/xe_hw_engine.c                  | 226 +++++++++++----------
 drivers/gpu/drm/xe/xe_hw_engine_types.h            |   8 +
 drivers/gpu/drm/xe/xe_hw_error.c                   |  23 +--
 drivers/gpu/drm/xe/xe_lrc.c                        |   8 +-
 drivers/gpu/drm/xe/xe_mmio.c                       | 100 +++++----
 drivers/gpu/drm/xe/xe_oa.c                         |  32 ++-
 drivers/gpu/drm/xe/xe_oa_types.h                   |   3 +
 drivers/gpu/drm/xe/xe_observation.c                |  32 ++-
 drivers/gpu/drm/xe/xe_observation.h                |   3 +-
 drivers/gpu/drm/xe/xe_pci.c                        |   3 +
 drivers/gpu/drm/xe/xe_pci_types.h                  |   1 +
 drivers/gpu/drm/xe/xe_pcode.c                      |   8 +-
 drivers/gpu/drm/xe/xe_pcode.h                      |   2 +-
 drivers/gpu/drm/xe/xe_pt.c                         |  18 +-
 drivers/gpu/drm/xe/xe_pxp.c                        |  35 +++-
 drivers/gpu/drm/xe/xe_query.c                      |   7 +-
 drivers/gpu/drm/xe/xe_ras.c                        | 192 +++++++++++++++++
 drivers/gpu/drm/xe/xe_ras.h                        |   5 +
 drivers/gpu/drm/xe/xe_ras_types.h                  |  51 +++++
 drivers/gpu/drm/xe/xe_reg_whitelist.c              | 100 +++++++--
 drivers/gpu/drm/xe/xe_reg_whitelist.h              |   4 +
 drivers/gpu/drm/xe/xe_rtp.c                        |  41 ++--
 drivers/gpu/drm/xe/xe_rtp.h                        |  43 +++-
 drivers/gpu/drm/xe/xe_rtp_types.h                  |  43 +++-
 drivers/gpu/drm/xe/xe_svm.c                        |   6 +-
 drivers/gpu/drm/xe/xe_sysctrl_mailbox.c            |  28 +++
 drivers/gpu/drm/xe/xe_sysctrl_mailbox.h            |   3 +
 drivers/gpu/drm/xe/xe_sysctrl_mailbox_types.h      |   4 +
 drivers/gpu/drm/xe/xe_tile.c                       |   4 +-
 drivers/gpu/drm/xe/xe_tuning.c                     |  46 ++---
 drivers/gpu/drm/xe/xe_tuning.h                     |   6 +
 drivers/gpu/drm/xe/xe_vm_madvise.c                 |  19 +-
 drivers/gpu/drm/xe/xe_wa.c                         |  98 +++++----
 drivers/gpu/drm/xe/xe_wa.h                         |   7 +
 drivers/gpu/drm/xe/xe_wa_oob.rules                 |   1 +
 include/drm/intel/pciids.h                         |   5 +-
 include/linux/perf_event.h                         |  31 ++-
 include/uapi/drm/xe_drm.h                          |  11 +-
 kernel/events/core.c                               |  18 ++
 54 files changed, 1260 insertions(+), 472 deletions(-)
 create mode 100644 drivers/gpu/drm/xe/tests/xe_rtp_tables_test.c
$ git am -3 ../patches/0001-drm-xe-Fix-up-merge-issue.patch
Applying: drm: xe: Fix up merge issue
Using index info to reconstruct a base tree...
M	drivers/gpu/drm/xe/xe_ttm_vram_mgr.c
Falling back to patching base and 3-way merge...
Auto-merging drivers/gpu/drm/xe/xe_ttm_vram_mgr.c
No changes -- Patch already applied.
Merging drm-rust/for-linux-next (99676aed1fec1 gpu: nova-core: move lifetime to `Bar0`)
$ git merge -m Merge branch 'for-linux-next' of https://gitlab.freedesktop.org/drm/rust/kernel.git drm-rust/for-linux-next
Already up to date.
$ git am -3 ../patches/0001-drm-nova-Fix-up-merge-issue.patch
Applying: drm: nova: Fix up merge issue
Using index info to reconstruct a base tree...
M	drivers/gpu/nova-core/gsp/cmdq.rs
Falling back to patching base and 3-way merge...
Auto-merging drivers/gpu/nova-core/gsp/cmdq.rs
No changes -- Patch already applied.
Merging drm-nova/nova-next (93296e9d9528f gpu: nova-core: vbios: store reference to Device where relevant)
$ git merge -m Merge branch 'nova-next' of https://gitlab.freedesktop.org/drm/nova.git drm-nova/nova-next
Already up to date.
Merging etnaviv/etnaviv/next (6bde14ba5f7ef drm/etnaviv: add optional reset support)
$ git merge -m Merge branch 'etnaviv/next' of https://git.pengutronix.de/git/lst/linux etnaviv/etnaviv/next
Already up to date.
Merging fbdev/for-next (4da933bf4e731 fbdev: viafb: return an error when DMA copy times out)
$ git merge -m Merge branch 'for-next' of https://git.kernel.org/pub/scm/linux/kernel/git/deller/linux-fbdev.git fbdev/for-next
Merge made by the 'ort' strategy.
 drivers/video/fbdev/core/fbcon.c   |  7 +++++++
 drivers/video/fbdev/goldfishfb.c   | 13 +++++++++----
 drivers/video/fbdev/pm2fb.c        |  1 +
 drivers/video/fbdev/vga16fb.c      |  4 ++--
 drivers/video/fbdev/via/via-core.c |  7 +++++--
 5 files changed, 24 insertions(+), 8 deletions(-)
$ git am -3 ../patches/0001-fix-up-for-drm-hyperv-Remove-reference-to-hyperv_fb-.patch
Applying: fix up for "drm/hyperv: Remove reference to hyperv_fb driver"
$ git reset HEAD^
Unstaged changes after reset:
M	drivers/gpu/drm/hyperv/Kconfig
$ git add -A .
$ git commit -v -a --amend
warning: notes ref refs/notes/commits is invalid
[master 4a9cdb8d80e39] Merge branch 'for-next' of https://git.kernel.org/pub/scm/linux/kernel/git/deller/linux-fbdev.git
 Date: Fri Jun 26 13:28:32 2026 +0100
Merging regmap/for-next (9df54deb2b174 Merge remote-tracking branch 'regmap/for-7.1' into regmap-linus)
$ git merge -m Merge branch 'for-next' of https://git.kernel.org/pub/scm/linux/kernel/git/broonie/regmap.git regmap/for-next
Already up to date.
Merging sound/for-next (e1e31e0ec8a60 ALSA: FCP: Fix NULL pointer dereference in interface lookup)
$ git merge -m Merge branch 'for-next' of https://git.kernel.org/pub/scm/linux/kernel/git/tiwai/sound.git sound/for-next
Already up to date.
Merging ieee1394/for-next (e954726de5696 firewire: core: Open-code topology list walk)
$ git merge -m Merge branch 'for-next' of https://git.kernel.org/pub/scm/linux/kernel/git/ieee1394/linux1394.git ieee1394/for-next
Already up to date.
Merging sound-asoc/for-next (e67251245f42e Merge remote-tracking branch 'asoc/for-7.1' into asoc-linus)
$ git merge -m Merge branch 'for-next' of https://git.kernel.org/pub/scm/linux/kernel/git/broonie/sound.git sound-asoc/for-next
Already up to date.
Merging modules/modules-next (36d6b929bb0c7 rust: module_param: add missing newline to pr_warn_once)
$ git merge -m Merge branch 'modules-next' of https://git.kernel.org/pub/scm/linux/kernel/git/modules/linux.git modules/modules-next
Already up to date.
Merging input/next (f373f18a3c43a dt-bindings: input: syna,rmi4: Document syna,rmi4-s3706b)
$ git merge -m Merge branch 'next' of https://git.kernel.org/pub/scm/linux/kernel/git/dtor/input.git input/next
Auto-merging Documentation/devicetree/bindings/input/microchip,cap11xx.yaml
Merge made by the 'ort' strategy.
 .../bindings/input/microchip,cap11xx.yaml          |  92 ++++++-
 .../devicetree/bindings/input/syna,rmi4.yaml       |  11 +-
 drivers/input/keyboard/cap11xx.c                   | 275 +++++++++++++--------
 drivers/input/touchscreen/mms114.c                 | 245 +++++++++---------
 4 files changed, 395 insertions(+), 228 deletions(-)
Merging block/for-next (523fc0d57da3a Merge branch 'block-7.2' into for-next)
$ git merge -m Merge branch 'for-next' of https://git.kernel.org/pub/scm/linux/kernel/git/axboe/linux.git block/for-next
Merge made by the 'ort' strategy.
$ git am -3 ../patches/0001-Revert-block-remove-bio_last_bvec_all.patch
Applying: Revert "block: remove bio_last_bvec_all"
$ git reset HEAD^
Unstaged changes after reset:
M	Documentation/block/biovecs.rst
M	include/linux/bio.h
$ git add -A .
$ git commit -v -a --amend
warning: notes ref refs/notes/commits is invalid
[master b9e21be6ef1b6] Merge branch 'for-next' of https://git.kernel.org/pub/scm/linux/kernel/git/axboe/linux.git
 Date: Fri Jun 26 13:28:37 2026 +0100
Merging device-mapper/for-next (55c99f2d901c7 dm-zoned-metadata: Use strscpy() to copy device name)
$ git merge -m Merge branch 'for-next' of https://git.kernel.org/pub/scm/linux/kernel/git/device-mapper/linux-dm.git device-mapper/for-next
Already up to date.
Merging libata/for-next (21e7b9710a24b ata: Use named initializers for pci_device_id arrays)
$ git merge -m Merge branch 'for-next' of https://git.kernel.org/pub/scm/linux/kernel/git/libata/linux libata/for-next
Already up to date.
Merging pcmcia/pcmcia-next (b3c26ea81ccc5 pcmcia: remove obsolete host controller drivers)
$ git merge -m Merge branch 'pcmcia-next' of https://git.kernel.org/pub/scm/linux/kernel/git/brodo/linux.git pcmcia/pcmcia-next
Already up to date.
Merging mmc/next (576e40d20e100 mmc: Merge branch fixes into next)
$ git merge -m Merge branch 'next' of https://git.kernel.org/pub/scm/linux/kernel/git/ulfh/mmc.git mmc/next
Already up to date.
Merging mfd/for-mfd-next (c454531af72e0 dt-bindings: mfd: syscon: Revert renesas,r9a08g046-lvds-cmn)
$ git merge -m Merge branch 'for-mfd-next' of https://git.kernel.org/pub/scm/linux/kernel/git/lee/mfd.git mfd/for-mfd-next
Already up to date.
Merging backlight/for-backlight-next (b3c8bb2e69979 backlight: Use named initializers for arrays of i2c_device_data)
$ git merge -m Merge branch 'for-backlight-next' of https://git.kernel.org/pub/scm/linux/kernel/git/lee/backlight.git backlight/for-backlight-next
Already up to date.
Merging battery/for-next (a888754e51e91 Documentation: ABI: sysfs-class-reboot-mode-reboot_modes: fix doc warnings)
$ git merge -m Merge branch 'for-next' of https://git.kernel.org/pub/scm/linux/kernel/git/sre/linux-power-supply.git battery/for-next
Already up to date.
Merging regulator/for-next (e6be7b86748ee Merge remote-tracking branch 'regulator/for-7.1' into regulator-linus)
$ git merge -m Merge branch 'for-next' of https://git.kernel.org/pub/scm/linux/kernel/git/broonie/regulator.git regulator/for-next
Already up to date.
Merging security/next (a278369efa38d Automated merge of 'dev' into 'next')
$ git merge -m Merge branch 'next' of https://git.kernel.org/pub/scm/linux/kernel/git/pcmoore/lsm.git security/next
Merge made by the 'ort' strategy.
Merging apparmor/apparmor-next (2f6701a5ce625 apparmor: advertise the tcp fast open fix is applied)
$ git merge -m Merge branch 'apparmor-next' of https://git.kernel.org/pub/scm/linux/kernel/git/jj/linux-apparmor apparmor/apparmor-next
Already up to date.
Merging integrity/next-integrity (35d6f5e788dae doc: security: Add documentation of exporting and deleting IMA measurements)
$ git merge -m Merge branch 'next-integrity' of https://git.kernel.org/pub/scm/linux/kernel/git/zohar/linux-integrity integrity/next-integrity
Already up to date.
Merging selinux/next (fdaf1f88911dd Automated merge of 'dev' into 'next')
$ git merge -m Merge branch 'next' of https://git.kernel.org/pub/scm/linux/kernel/git/pcmoore/selinux.git selinux/next
Merge made by the 'ort' strategy.
Merging smack/next (b78fede1c69a0 smack: simplify write handlers of sysfs entries)
$ git merge -m Merge branch 'next' of https://github.com/cschaufler/smack-next smack/next
Auto-merging security/smack/smack_lsm.c
Merge made by the 'ort' strategy.
 security/smack/smack_lsm.c |  2 +-
 security/smack/smackfs.c   | 81 +++++++++++++---------------------------------
 2 files changed, 23 insertions(+), 60 deletions(-)
Merging tomoyo/master (e07d10ed0f238 lib/Kconfig.debug: enable CONFIG_PREEMPT_RT for syzbot kernels.)
$ git merge -m Merge branch 'master' of git://git.code.sf.net/p/tomoyo/tomoyo.git tomoyo/master
Auto-merging include/linux/netdevice.h
Auto-merging include/net/sock.h
Auto-merging kernel/workqueue.c
Auto-merging lib/Kconfig.debug
Auto-merging net/core/dev.c
Auto-merging net/core/lock_debug.c
Auto-merging net/socket.c
Merge made by the 'ort' strategy.
 include/linux/netdevice.h |  15 ++++
 include/net/dst.h         |  22 +++++-
 include/net/sock.h        |   8 +-
 kernel/locking/lockdep.c  |   2 +
 kernel/softirq.c          |   4 +
 kernel/workqueue.c        |   4 +
 lib/Kconfig.debug         |   7 ++
 net/bridge/br_nf_core.c   |   1 +
 net/core/dev.c            | 188 ++++++++++++++++++++++++++++++++++++++++++++++
 net/core/dst.c            |  85 +++++++++++++++++++++
 net/core/lock_debug.c     |   1 +
 net/socket.c              |  32 ++++++--
 12 files changed, 358 insertions(+), 11 deletions(-)
Merging tpmdd-tpm/for-next-tpm (f31c00c377ccf Merge tag 'platform-drivers-x86-v7.2-1' of git://git.kernel.org/pub/scm/linux/kernel/git/pdx86/platform-drivers-x86)
$ git merge -m Merge branch 'for-next-tpm' of https://git.kernel.org/pub/scm/linux/kernel/git/jarkko/linux-tpmdd.git tpmdd-tpm/for-next-tpm
Already up to date.
Merging tpmdd-keys/for-next-keys (f31c00c377ccf Merge tag 'platform-drivers-x86-v7.2-1' of git://git.kernel.org/pub/scm/linux/kernel/git/pdx86/platform-drivers-x86)
$ git merge -m Merge branch 'for-next-keys' of https://git.kernel.org/pub/scm/linux/kernel/git/jarkko/linux-tpmdd.git tpmdd-keys/for-next-keys
Already up to date.
Merging watchdog/watchdog-next (54c726fbb5334 watchdog: sc1200: Drop unused assignment of pnp_device_id driver data)
$ git merge -m Merge branch 'watchdog-next' of https://git.kernel.org/pub/scm/linux/kernel/git/groeck/linux-staging.git watchdog/watchdog-next
Already up to date.
Merging iommu/next (dd8a3c6cd531d Merge branches 'apple/dart', 'arm/smmu/updates', 'arm/smmu/bindings', 'rockchip', 'verisilicon', 'riscv', 'intel/vt-d', 'amd/amd-vi' and 'core' into next)
$ git merge -m Merge branch 'next' of https://git.kernel.org/pub/scm/linux/kernel/git/iommu/linux.git iommu/next
Already up to date.
Merging audit/next (7aefee0518c3b Automated merge of 'dev' into 'next')
$ git merge -m Merge branch 'next' of https://git.kernel.org/pub/scm/linux/kernel/git/pcmoore/audit.git audit/next
Merge made by the 'ort' strategy.
Merging devicetree/for-next (faa25db089213 dt-bindings: interrupt-controller: qcom,pdc: Add Maili compatible string)
$ git merge -m Merge branch 'for-next' of https://git.kernel.org/pub/scm/linux/kernel/git/robh/linux.git devicetree/for-next
Already up to date.
Merging dt-krzk/for-next (254f49634ee16 Linux 7.1-rc1)
$ git merge -m Merge branch 'for-next' of https://git.kernel.org/pub/scm/linux/kernel/git/krzk/linux-dt.git dt-krzk/for-next
Already up to date.
Merging mailbox/for-next (36cac4b5101f8 mailbox: imx: Don't force-thread the primary handler)
$ git merge -m Merge branch 'for-next' of https://git.kernel.org/pub/scm/linux/kernel/git/jassibrar/mailbox.git mailbox/for-next
Already up to date.
Merging spi/for-next (68a93ef17e2b2 Merge remote-tracking branch 'spi/for-7.1' into spi-linus)
$ git merge -m Merge branch 'for-next' of https://git.kernel.org/pub/scm/linux/kernel/git/broonie/spi.git spi/for-next
Already up to date.
Merging tip/master (4edcdefd4083a Merge tag 'bpf-fixes' of git://git.kernel.org/pub/scm/linux/kernel/git/bpf/bpf)
$ git merge -m Merge branch 'master' of https://git.kernel.org/pub/scm/linux/kernel/git/tip/tip.git tip/master
Already up to date.
$ git am -3 ../patches/0001-vdso-Merge-fixup-with-mm.patch
Applying: vdso: Merge fixup with mm
Using index info to reconstruct a base tree...
M	kernel/time/namespace_vdso.c
Falling back to patching base and 3-way merge...
No changes -- Patch already applied.
Merging kexec/kexec-next (7eb5f7c5b5d58 kexec_file: skip checksum verification when safe)
$ git merge -m Merge branch 'kexec-next' of https://git.kernel.org/pub/scm/linux/kernel/git/liveupdate/linux.git kexec/kexec-next
Merge made by the 'ort' strategy.
 kernel/kexec_file.c | 27 +++++++++++++++++++++++++++
 1 file changed, 27 insertions(+)
Merging liveupdate/next (e98a9c61721c1 liveupdate: Document that retrieve failure is permanent)
$ git merge -m Merge branch 'next' of https://git.kernel.org/pub/scm/linux/kernel/git/liveupdate/linux.git liveupdate/next
Already up to date.
Merging clockevents/timers/drivers/next (a9ac745bc320c clocksource: move NXP timer selection to drivers/clocksource)
$ git merge -m Merge branch 'timers/drivers/next' of https://git.kernel.org/pub/scm/linux/kernel/git/daniel.lezcano/linux.git clockevents/timers/drivers/next
Already up to date.
Merging edac/edac-for-next (705caee1f855c Merge branch 'edac-drivers' into edac-for-next)
$ git merge -m Merge branch 'edac-for-next' of https://git.kernel.org/pub/scm/linux/kernel/git/ras/ras.git edac/edac-for-next
Merge made by the 'ort' strategy.
Merging ftrace/for-next (8970865b788e9 Merge trace/for-next)
$ git merge -m Merge branch 'for-next' of https://git.kernel.org/pub/scm/linux/kernel/git/trace/linux-trace.git ftrace/for-next
Merge made by the 'ort' strategy.
$ git am -3 ../patches/0001-ftrace-Fix-semantic-conflict-with-mm-tree.patch
Applying: ftrace: Fix semantic conflict with mm tree
Using index info to reconstruct a base tree...
M	kernel/trace/trace_printk.c
Falling back to patching base and 3-way merge...
Auto-merging kernel/trace/trace_printk.c
No changes -- Patch already applied.
Merging rcu/next (e853c1b28580e Merge branches 'rcutorture.2026.05.24' and 'misc.2026.05.24' into rcu-merge.2026.05.24)
$ git merge -m Merge branch 'next' of https://git.kernel.org/pub/scm/linux/kernel/git/rcu/linux rcu/next
Already up to date.
Merging paulmck/non-rcu/next (48f7a50c027dd stop_machine: Fix the documentation for a NULL cpus argument)
$ git merge -m Merge branch 'non-rcu/next' of https://git.kernel.org/pub/scm/linux/kernel/git/paulmck/linux-rcu.git paulmck/non-rcu/next
Already up to date.
Merging kvm/next (a204badd8432f Merge branch 'kvm-chainsaw' into HEAD)
$ git merge -m Merge branch 'next' of git://git.kernel.org/pub/scm/virt/kvm/kvm.git kvm/next
Auto-merging arch/x86/kvm/mmu/mmu.c
Auto-merging arch/x86/kvm/mmu/spte.c
Auto-merging arch/x86/kvm/pmu.c
Auto-merging arch/x86/kvm/svm/svm.c
Auto-merging arch/x86/kvm/vmx/vmx.c
Merge made by the 'ort' strategy.
 arch/x86/include/asm/kvm_host.h                    |  655 +---
 arch/x86/kvm/Makefile                              |    4 +-
 arch/x86/kvm/cpuid.c                               |    1 +
 arch/x86/kvm/fpu.h                                 |   26 +
 arch/x86/kvm/hyperv.c                              |    7 +-
 arch/x86/kvm/hyperv.h                              |    3 +-
 arch/x86/kvm/ioapic.c                              |    1 +
 arch/x86/kvm/ioapic.h                              |   12 +
 arch/x86/kvm/irq.c                                 |    7 +
 arch/x86/kvm/irq.h                                 |    6 +
 arch/x86/kvm/lapic.h                               |    8 +
 arch/x86/kvm/mmu.h                                 |  121 +-
 arch/x86/kvm/mmu/mmu.c                             |  541 +--
 arch/x86/kvm/mmu/mmu_internal.h                    |   66 -
 arch/x86/kvm/mmu/paging_tmpl.h                     |   88 +-
 arch/x86/kvm/mmu/spte.c                            |    4 +-
 arch/x86/kvm/mmu/spte.h                            |   69 +-
 arch/x86/kvm/mmu/tdp_mmu.c                         |    3 +-
 arch/x86/kvm/msrs.c                                | 2745 ++++++++++++++
 arch/x86/kvm/msrs.h                                |  156 +
 arch/x86/kvm/mtrr.c                                |    2 +-
 arch/x86/kvm/pmu.c                                 |   12 +
 arch/x86/kvm/regs.c                                |  874 +++++
 arch/x86/kvm/regs.h                                |   60 +
 arch/x86/kvm/svm/nested.c                          |   14 +-
 arch/x86/kvm/svm/svm.c                             |    6 +-
 arch/x86/kvm/tss.h                                 |    7 +
 arch/x86/kvm/vmx/nested.c                          |   16 +-
 arch/x86/kvm/vmx/vmx.c                             |   26 +-
 arch/x86/kvm/x86.c                                 | 3762 +-------------------
 arch/x86/kvm/x86.h                                 |  462 ++-
 tools/testing/selftests/kvm/Makefile.kvm           |    1 +
 tools/testing/selftests/kvm/include/x86/pmu.h      |    6 +
 .../testing/selftests/kvm/include/x86/processor.h  |   10 +
 tools/testing/selftests/kvm/include/x86/svm_util.h |    5 +-
 tools/testing/selftests/kvm/include/x86/vmx.h      |    4 +-
 tools/testing/selftests/kvm/lib/x86/memstress.c    |   19 +-
 tools/testing/selftests/kvm/lib/x86/processor.c    |   45 +-
 tools/testing/selftests/kvm/lib/x86/svm.c          |    6 +-
 tools/testing/selftests/kvm/lib/x86/vmx.c          |    6 +-
 tools/testing/selftests/kvm/x86/aperfmperf_test.c  |    9 +-
 .../selftests/kvm/x86/evmcs_smm_controls_test.c    |    5 +-
 tools/testing/selftests/kvm/x86/hyperv_evmcs.c     |    6 +-
 tools/testing/selftests/kvm/x86/hyperv_svm_test.c  |    6 +-
 tools/testing/selftests/kvm/x86/kvm_buslock_test.c |    9 +-
 .../selftests/kvm/x86/nested_close_kvm_test.c      |   12 +-
 .../selftests/kvm/x86/nested_dirty_log_test.c      |    8 +-
 .../selftests/kvm/x86/nested_emulation_test.c      |    4 +-
 .../selftests/kvm/x86/nested_exceptions_test.c     |    9 +-
 .../selftests/kvm/x86/nested_invalid_cr3_test.c    |   10 +-
 .../selftests/kvm/x86/nested_tdp_fault_test.c      |    9 +-
 .../selftests/kvm/x86/nested_tsc_adjust_test.c     |   10 +-
 .../selftests/kvm/x86/nested_tsc_scaling_test.c    |   10 +-
 .../selftests/kvm/x86/nested_vmsave_vmload_test.c  |    6 +-
 tools/testing/selftests/kvm/x86/smm_test.c         |    8 +-
 tools/testing/selftests/kvm/x86/state_test.c       |   11 +-
 tools/testing/selftests/kvm/x86/svm_int_ctl_test.c |    5 +-
 .../selftests/kvm/x86/svm_lbr_nested_state.c       |    6 +-
 .../selftests/kvm/x86/svm_nested_clear_efer_svme.c |    7 +-
 .../selftests/kvm/x86/svm_nested_pat_test.c        |    8 +-
 .../selftests/kvm/x86/svm_nested_shutdown_test.c   |    5 +-
 .../kvm/x86/svm_nested_soft_inject_test.c          |    6 +-
 .../selftests/kvm/x86/svm_nested_vmcb12_gpa.c      |   13 +-
 .../selftests/kvm/x86/svm_pmu_host_guest_test.c    |  215 ++
 tools/testing/selftests/kvm/x86/svm_vmcall_test.c  |    5 +-
 .../selftests/kvm/x86/triple_fault_event_test.c    |    9 +-
 .../selftests/kvm/x86/vmx_apic_access_test.c       |    5 +-
 .../selftests/kvm/x86/vmx_apicv_updates_test.c     |    4 +-
 .../kvm/x86/vmx_invalid_nested_guest_state.c       |    6 +-
 .../selftests/kvm/x86/vmx_nested_la57_state_test.c |    5 +-
 .../selftests/kvm/x86/vmx_preemption_timer_test.c  |    5 +-
 71 files changed, 5273 insertions(+), 5029 deletions(-)
 create mode 100644 arch/x86/kvm/msrs.c
 create mode 100644 arch/x86/kvm/msrs.h
 create mode 100644 arch/x86/kvm/regs.c
 create mode 100644 tools/testing/selftests/kvm/x86/svm_pmu_host_guest_test.c
Merging kvm-arm/next (1ee27dacbe5dc Merge branch kvm-arm64/nv-mmu-7.2 into kvmarm-master/next)
$ git merge -m Merge branch 'next' of https://git.kernel.org/pub/scm/linux/kernel/git/kvmarm/kvmarm.git kvm-arm/next
Already up to date.
Merging kvms390/next (babe08404e199 KVM: s390: Return failure in case of failure in kvm_s390_set_cmma_bits())
$ git merge -m Merge branch 'next' of https://git.kernel.org/pub/scm/linux/kernel/git/kvms390/linux.git kvms390/next
Already up to date.
Merging kvm-ppc/topic/ppc-kvm (5200f5f493f79 Linux 7.1-rc4)
$ git merge -m Merge branch 'topic/ppc-kvm' of https://git.kernel.org/pub/scm/linux/kernel/git/powerpc/linux.git kvm-ppc/topic/ppc-kvm
Already up to date.
Merging kvm-riscv/riscv_kvm_next (52738352a6f29 riscv: kvm: Use endian-specific __lelong for NACL shared memory)
$ git merge -m Merge branch 'riscv_kvm_next' of https://github.com/kvm-riscv/linux.git kvm-riscv/riscv_kvm_next
Already up to date.
Merging kvm-x86/next (50406d35f5635 Merge tag 'kvm-x86-selftests_l2_stacks-7.3' of https://github.com/kvm-x86/linux into HEAD)
$ git merge -m Merge branch 'next' of https://github.com/kvm-x86/linux.git kvm-x86/next
Already up to date.
$ git am -3 ../patches/0001-KVM-selftests-Fix-up-semantic-changes.patch
Applying: KVM: selftests: Fix up semantic changes
Using index info to reconstruct a base tree...
M	tools/testing/selftests/kvm/lib/kvm_util.c
Falling back to patching base and 3-way merge...
Auto-merging tools/testing/selftests/kvm/lib/kvm_util.c
No changes -- Patch already applied.
Merging xen-tip/linux-next (a174910917a8e xen/xenbus: Replace strcpy() with memcpy())
$ git merge -m Merge branch 'linux-next' of https://git.kernel.org/pub/scm/linux/kernel/git/xen/tip.git xen-tip/linux-next
Already up to date.
Merging percpu/for-next (8f0b4cce4481f Linux 6.19-rc1)
$ git merge -m Merge branch 'for-next' of https://git.kernel.org/pub/scm/linux/kernel/git/dennis/percpu.git percpu/for-next
Already up to date.
Merging workqueues/for-next (4d9be388910e5 tools/workqueue: parse help before importing drgn)
$ git merge -m Merge branch 'for-next' of https://git.kernel.org/pub/scm/linux/kernel/git/tj/wq.git workqueues/for-next
Merge made by the 'ort' strategy.
 tools/workqueue/wq_dump.py    | 10 +++++-----
 tools/workqueue/wq_monitor.py |  6 +++---
 2 files changed, 8 insertions(+), 8 deletions(-)
Merging sched-ext/for-next (e2c60e15d0803 sched_ext: Convert scx_arena_grow() to use scx_arena_to_kaddr())
$ git merge -m Merge branch 'for-next' of https://git.kernel.org/pub/scm/linux/kernel/git/tj/sched_ext.git sched-ext/for-next
Merge made by the 'ort' strategy.
 include/linux/sched/ext.h                |   4 +-
 kernel/rcu/tree.c                        |   3 +
 kernel/rcu/tree_exp.h                    |   5 +-
 kernel/rcu/tree_stall.h                  |  13 ++-
 kernel/sched/ext/arena.c                 |  13 +--
 kernel/sched/ext/ext.c                   | 155 ++++++++++++++++++++-----------
 kernel/sched/ext/internal.h              |  27 +++---
 tools/sched_ext/include/scx/common.bpf.h |   5 +-
 tools/sched_ext/include/scx/compat.bpf.h |  17 ----
 tools/sched_ext/scx_flatcg.bpf.c         |   5 +-
 10 files changed, 138 insertions(+), 109 deletions(-)
Merging drivers-x86/for-next (f31c00c377ccf Merge tag 'platform-drivers-x86-v7.2-1' of git://git.kernel.org/pub/scm/linux/kernel/git/pdx86/platform-drivers-x86)
$ git merge -m Merge branch 'for-next' of https://git.kernel.org/pub/scm/linux/kernel/git/pdx86/platform-drivers-x86.git drivers-x86/for-next
Already up to date.
$ git am -3 ../patches/0001-hid-Fix-up-mismerge.patch
Applying: hid: Fix up mismerge
$ git reset HEAD^
Unstaged changes after reset:
M	drivers/hid/hid-asus.c
$ git add -A .
$ git commit -v -a --amend
warning: notes ref refs/notes/commits is invalid
[master 782a72fe09811] Merge branch 'for-next' of https://git.kernel.org/pub/scm/linux/kernel/git/tj/sched_ext.git
 Date: Fri Jun 26 13:36:57 2026 +0100
Merging chrome-platform/for-next (883f968dcbb08 platform/chrome: Prevent build for big-endian systems)
$ git merge -m Merge branch 'for-next' of https://git.kernel.org/pub/scm/linux/kernel/git/chrome-platform/linux.git chrome-platform/for-next
Already up to date.
Merging chrome-platform-firmware/for-firmware-next (86e3bbc716332 firmware: google: Skip failing entries instead of aborting populate)
$ git merge -m Merge branch 'for-firmware-next' of https://git.kernel.org/pub/scm/linux/kernel/git/chrome-platform/linux.git chrome-platform-firmware/for-firmware-next
Already up to date.
Merging hsi/for-next (254f49634ee16 Linux 7.1-rc1)
$ git merge -m Merge branch 'for-next' of https://git.kernel.org/pub/scm/linux/kernel/git/sre/linux-hsi.git hsi/for-next
Already up to date.
Merging leds-lj/for-leds-next (d43f1d792902b leds: tps6131x: Increase overvoltage protection threshold to 6V)
$ git merge -m Merge branch 'for-leds-next' of https://git.kernel.org/pub/scm/linux/kernel/git/lee/leds.git leds-lj/for-leds-next
Already up to date.
Merging ipmi/for-next (493181e2f2f1b ipmi: ipmb: validate write message length)
$ git merge -m Merge branch 'for-next' of https://github.com/cminyard/linux-ipmi.git ipmi/for-next
Merge made by the 'ort' strategy.
 drivers/char/ipmi/ipmb_dev_int.c | 5 +++--
 1 file changed, 3 insertions(+), 2 deletions(-)
Merging driver-core/driver-core-next (502d801f0ab03 Merge tag 'erofs-for-7.2-rc1' of git://git.kernel.org/pub/scm/linux/kernel/git/xiang/erofs)
$ git merge -m Merge branch 'driver-core-next' of https://git.kernel.org/pub/scm/linux/kernel/git/driver-core/driver-core.git driver-core/driver-core-next
Already up to date.
Merging usb/usb-next (ab9de95c9cf95 Merge tag 'rust-7.2-2' of git://git.kernel.org/pub/scm/linux/kernel/git/ojeda/linux)
$ git merge -m Merge branch 'usb-next' of https://git.kernel.org/pub/scm/linux/kernel/git/gregkh/usb.git usb/usb-next
Already up to date.
Merging thunderbolt/next (d49d71ebec8f0 thunderbolt: xdomain: Notify peers after enumeration)
$ git merge -m Merge branch 'next' of https://git.kernel.org/pub/scm/linux/kernel/git/westeri/thunderbolt.git thunderbolt/next
Auto-merging drivers/net/thunderbolt/main.c
Auto-merging drivers/thunderbolt/stream.c
Auto-merging drivers/thunderbolt/tb.c
Merge made by the 'ort' strategy.
 drivers/net/thunderbolt/main.c |  4 ++--
 drivers/thunderbolt/dma_test.c |  4 ++--
 drivers/thunderbolt/domain.c   |  4 +---
 drivers/thunderbolt/nhi.c      |  2 ++
 drivers/thunderbolt/pci.c      | 28 +++++++++++++++++++++++-----
 drivers/thunderbolt/stream.c   |  4 ++--
 drivers/thunderbolt/switch.c   | 11 ++++++++++-
 drivers/thunderbolt/tb.c       | 21 +++++++++++++++++++++
 drivers/thunderbolt/tb.h       |  1 +
 drivers/thunderbolt/xdomain.c  |  4 ++++
 include/linux/thunderbolt.h    |  8 +++++++-
 11 files changed, 75 insertions(+), 16 deletions(-)
Merging usb-serial/usb-next (e690592f98c81 USB: serial: whiteheat: drop termbits include)
$ git merge -m Merge branch 'usb-next' of https://git.kernel.org/pub/scm/linux/kernel/git/johan/usb-serial.git usb-serial/usb-next
Already up to date.
Merging tty/tty-next (502d801f0ab03 Merge tag 'erofs-for-7.2-rc1' of git://git.kernel.org/pub/scm/linux/kernel/git/xiang/erofs)
$ git merge -m Merge branch 'tty-next' of https://git.kernel.org/pub/scm/linux/kernel/git/gregkh/tty.git tty/tty-next
Already up to date.
Merging char-misc/char-misc-next (502d801f0ab03 Merge tag 'erofs-for-7.2-rc1' of git://git.kernel.org/pub/scm/linux/kernel/git/xiang/erofs)
$ git merge -m Merge branch 'char-misc-next' of https://git.kernel.org/pub/scm/linux/kernel/git/gregkh/char-misc.git char-misc/char-misc-next
Already up to date.
$ git am -3 ../patches/0001-bus-mhi-Fix-up-interaction-with-net-next-tree.patch
Applying: bus: mhi: Fix up interaction with net-next tree
Using index info to reconstruct a base tree...
M	drivers/net/wireless/ath/ath12k/wifi7/mhi.c
Falling back to patching base and 3-way merge...
No changes -- Patch already applied.
Merging coresight/next (98495b5a4d77d coresight: ultrasoc-smb: Fix OOB write in smb_sync_perf_buffer())
$ git merge -m Merge branch 'next' of https://git.kernel.org/pub/scm/linux/kernel/git/coresight/linux.git coresight/next
Already up to date.
Merging fastrpc/for-next (14b60ee1e614c Merge branches 'fastrpc-fixes' and 'fastrpc-for-7.2' into fastrpc-for-next)
$ git merge -m Merge branch 'for-next' of https://git.kernel.org/pub/scm/linux/kernel/git/srini/fastrpc.git fastrpc/for-next
Auto-merging drivers/misc/fastrpc.c
Merge made by the 'ort' strategy.
 drivers/misc/fastrpc.c | 11 ++++++-----
 1 file changed, 6 insertions(+), 5 deletions(-)
Merging fpga/for-next (43a1974da6bc7 fpga: microchip-spi: fix zero header_size OOB read in mpf_ops_parse_header())
$ git merge -m Merge branch 'for-next' of https://git.kernel.org/pub/scm/linux/kernel/git/fpga/linux-fpga.git fpga/for-next
Already up to date.
Merging icc/icc-next (94fe92d2f662b Merge branch 'icc-misc' into icc-next)
$ git merge -m Merge branch 'icc-next' of https://git.kernel.org/pub/scm/linux/kernel/git/djakov/icc.git icc/icc-next
Already up to date.
Merging iio/togreg (ae696dfa47c30 iio: adc: nxp-sar-adc: harden buffer ISR against per-channel read failure)
$ git merge -m Merge branch 'togreg' of https://git.kernel.org/pub/scm/linux/kernel/git/jic23/iio.git iio/togreg
Already up to date.
Merging nfc/for-next (ed85d4cbbfaa4 nfc: llcp: bound SNL TLV parsing to the skb and add length checks)
$ git merge -m Merge branch 'for-next' of https://codeberg.org/linux-nfc/linux.git nfc/for-next
Auto-merging MAINTAINERS
Merge made by the 'ort' strategy.
 net/nfc/nci/rsp.c | 41 ++++++++++++++++++++++++++++++++++++++---
 1 file changed, 38 insertions(+), 3 deletions(-)
Merging phy-next/next (2ace2e949979b phy: rockchip: inno-usb2: Add missing clkout_ctl_phy kerneldoc)
$ git merge -m Merge branch 'next' of https://git.kernel.org/pub/scm/linux/kernel/git/phy/linux-phy.git phy-next/next
Already up to date.
Merging soundwire/next (4dab2b904414f soundwire: dmi-quirks: Disable ghost Realtek devices)
$ git merge -m Merge branch 'next' of https://git.kernel.org/pub/scm/linux/kernel/git/vkoul/soundwire.git soundwire/next
Already up to date.
Merging extcon/extcon-next (254f49634ee16 Linux 7.1-rc1)
$ git merge -m Merge branch 'extcon-next' of https://git.kernel.org/pub/scm/linux/kernel/git/chanwoo/extcon.git extcon/extcon-next
Already up to date.
Merging gnss/gnss-next (5d6919055dec1 Linux 7.1-rc3)
$ git merge -m Merge branch 'gnss-next' of https://git.kernel.org/pub/scm/linux/kernel/git/johan/gnss.git gnss/gnss-next
Already up to date.
Merging vfio/next (785562e31dbcd vfio: selftests: Ensure libvfio output dirs are always created)
$ git merge -m Merge branch 'next' of https://github.com/awilliam/linux-vfio.git vfio/next
Already up to date.
Merging w1/for-next (254f49634ee16 Linux 7.1-rc1)
$ git merge -m Merge branch 'for-next' of https://git.kernel.org/pub/scm/linux/kernel/git/krzk/linux-w1.git w1/for-next
Already up to date.
Merging spmi/spmi-next (3443eec9c55d1 spmi: use kzalloc_flex in main allocation)
$ git merge -m Merge branch 'spmi-next' of https://git.kernel.org/pub/scm/linux/kernel/git/sboyd/spmi.git spmi/spmi-next
Already up to date.
Merging staging/staging-next (ab9de95c9cf95 Merge tag 'rust-7.2-2' of git://git.kernel.org/pub/scm/linux/kernel/git/ojeda/linux)
$ git merge -m Merge branch 'staging-next' of https://git.kernel.org/pub/scm/linux/kernel/git/gregkh/staging.git staging/staging-next
Already up to date.
Merging counter-next/counter-next (ca815bb87064a counter: intel-qep: Use devm_mutex_init())
$ git merge -m Merge branch 'counter-next' of https://git.kernel.org/pub/scm/linux/kernel/git/wbg/counter.git counter-next/counter-next
Already up to date.
Merging mux/for-next (59b723cd2adba Linux 6.12-rc6)
$ git merge -m Merge branch 'for-next' of https://gitlab.com/peda-linux/mux.git mux/for-next
Already up to date.
Merging dmaengine/next (7524fe142b5a7 dt-bindings: dma: snps,dw-axi-dmac: Add fallback compatible for CV1800B)
$ git merge -m Merge branch 'next' of https://git.kernel.org/pub/scm/linux/kernel/git/vkoul/dmaengine.git dmaengine/next
Already up to date.
Merging cgroup/for-next (dc2eb3bcf9686 Merge branch 'for-7.3' into for-next)
$ git merge -m Merge branch 'for-next' of https://git.kernel.org/pub/scm/linux/kernel/git/tj/cgroup.git cgroup/for-next
Merge made by the 'ort' strategy.
 Documentation/admin-guide/cgroup-v2.rst           | 11 ++++-
 include/linux/cgroup-defs.h                       |  2 +-
 include/linux/cgroup.h                            |  2 +-
 kernel/cgroup/cpuset.c                            | 49 ++++++++++++++---------
 tools/cgroup/iocost_monitor.py                    | 10 ++---
 tools/testing/selftests/cgroup/test_cpuset_prs.sh | 11 ++++-
 6 files changed, 55 insertions(+), 30 deletions(-)
Merging scsi/for-next (cf1af0ccca54d Merge branch 'misc' into for-next)
$ git merge -m Merge branch 'for-next' of https://git.kernel.org/pub/scm/linux/kernel/git/jejb/scsi.git scsi/for-next
Merge made by the 'ort' strategy.
Merging scsi-mkp/for-next (57a6ed0b41677 scsi: bfa: Reduce kernel stack usage in bfa_fcs_lport_fdmi_build_portattr_block())
$ git merge -m Merge branch 'for-next' of https://git.kernel.org/pub/scm/linux/kernel/git/mkp/scsi.git scsi-mkp/for-next
Auto-merging drivers/scsi/scsi_lib.c
Merge made by the 'ort' strategy.
 drivers/scsi/bfa/bfa_fcs_lport.c |  2 +-
 drivers/scsi/scsi_lib.c          |  8 --------
 drivers/scsi/scsi_priv.h         |  1 +
 drivers/xen/xen-scsiback.c       | 30 +++++++++++++++++++++++-------
 include/scsi/scsi_device.h       |  1 -
 5 files changed, 25 insertions(+), 17 deletions(-)
Merging vhost/linux-next (1f673033c0273 vduse: Add suspend)
$ git merge -m Merge branch 'linux-next' of https://git.kernel.org/pub/scm/linux/kernel/git/mst/vhost.git vhost/linux-next
Merge made by the 'ort' strategy.
 drivers/vdpa/vdpa_user/vduse_dev.c | 136 +++++++++++++++++++++++++++++++++----
 include/uapi/linux/vduse.h         |  29 +++++++-
 2 files changed, 150 insertions(+), 15 deletions(-)
Merging rpmsg/for-next (721396afea31e Merge branches 'hwspinlock-next', 'rpmsg-next' and 'rproc-next' into for-next)
$ git merge -m Merge branch 'for-next' of https://git.kernel.org/pub/scm/linux/kernel/git/remoteproc/linux.git rpmsg/for-next
Merge made by the 'ort' strategy.
Merging gpio-brgl/gpio/for-next (415c63896b76f gpio: pca9570: Use I2C match data)
$ git merge -m Merge branch 'gpio/for-next' of https://git.kernel.org/pub/scm/linux/kernel/git/brgl/linux.git gpio-brgl/gpio/for-next
Merge made by the 'ort' strategy.
 .../bindings/gpio/realtek,rtd1625-gpio.yaml        |  71 +++
 drivers/gpio/Kconfig                               |  14 +-
 drivers/gpio/Makefile                              |   1 +
 drivers/gpio/gpio-pca9570.c                        |   2 +-
 drivers/gpio/gpio-rockchip.c                       |  16 +-
 drivers/gpio/gpio-rtd1625.c                        | 611 +++++++++++++++++++++
 drivers/gpio/gpio-tb10x.c                          |   5 +-
 7 files changed, 705 insertions(+), 15 deletions(-)
 create mode 100644 Documentation/devicetree/bindings/gpio/realtek,rtd1625-gpio.yaml
 create mode 100644 drivers/gpio/gpio-rtd1625.c
Merging gpio-intel/for-next (3bb62e3f99a55 gpiolib: acpi: Only trigger ActiveBoth interrupts on boot)
$ git merge -m Merge branch 'for-next' of https://git.kernel.org/pub/scm/linux/kernel/git/andy/linux-gpio-intel.git gpio-intel/for-next
Already up to date.
Merging pinctrl/for-next (3bd25818aebd8 Merge branch 'devel' into for-next)
$ git merge -m Merge branch 'for-next' of https://git.kernel.org/pub/scm/linux/kernel/git/linusw/linux-pinctrl.git pinctrl/for-next
Merge made by the 'ort' strategy.
Merging pinctrl-intel/for-next (2b9ef70d3abe1 pinctrl: intel: move PWM base computation past feature check)
$ git merge -m Merge branch 'for-next' of https://git.kernel.org/pub/scm/linux/kernel/git/pinctrl/intel.git pinctrl-intel/for-next
Already up to date.
Merging pinctrl-renesas/renesas-pinctrl (14270179806b8 pinctrl: renesas: rzg2l: Use raw_spinlock_irqsave() on power source update)
$ git merge -m Merge branch 'renesas-pinctrl' of https://git.kernel.org/pub/scm/linux/kernel/git/geert/renesas-drivers.git pinctrl-renesas/renesas-pinctrl
Already up to date.
Merging pinctrl-samsung/for-next (254f49634ee16 Linux 7.1-rc1)
$ git merge -m Merge branch 'for-next' of https://git.kernel.org/pub/scm/linux/kernel/git/pinctrl/samsung.git pinctrl-samsung/for-next
Already up to date.
Merging pwm/pwm/for-next (898ab0f30e008 pwm: rzg2l-gpt: Add missing newlines to dev_err_probe() messages)
$ git merge -m Merge branch 'pwm/for-next' of https://git.kernel.org/pub/scm/linux/kernel/git/ukleinek/linux.git pwm/pwm/for-next
Merge made by the 'ort' strategy.
 drivers/pwm/pwm-rzg2l-gpt.c | 8 ++++----
 1 file changed, 4 insertions(+), 4 deletions(-)
Merging ktest/for-next (932cdaf3e273a ktest: Add logfile to failure directory)
$ git merge -m Merge branch 'for-next' of https://git.kernel.org/pub/scm/linux/kernel/git/rostedt/linux-ktest.git ktest/for-next
Already up to date.
Merging kselftest/next (fbb7ad31ab376 docs: kselftest: remove link to obsolete wiki)
$ git merge -m Merge branch 'next' of https://git.kernel.org/pub/scm/linux/kernel/git/shuah/linux-kselftest.git kselftest/next
Already up to date.
Merging kunit/test (254f49634ee16 Linux 7.1-rc1)
$ git merge -m Merge branch 'test' of https://git.kernel.org/pub/scm/linux/kernel/git/shuah/linux-kselftest.git kunit/test
Already up to date.
Merging kunit-next/kunit (29afed142d64e kunit:tool: Don't write to stdout when it should be disabled)
$ git merge -m Merge branch 'kunit' of https://git.kernel.org/pub/scm/linux/kernel/git/shuah/linux-kselftest.git kunit-next/kunit
Already up to date.
Merging livepatching/for-next (0839c8963b7b2 Merge tag 'livepatching-for-7.2' of git://git.kernel.org/pub/scm/linux/kernel/git/livepatching/livepatching)
$ git merge -m Merge branch 'for-next' of https://git.kernel.org/pub/scm/linux/kernel/git/livepatching/livepatching.git livepatching/for-next
Already up to date.
Merging rtc/rtc-next (3c8f28578a0d6 rtc: ds1307: update reference to removed CONFIG_RTC_DRV_DS1307_HWMON)
$ git merge -m Merge branch 'rtc-next' of https://git.kernel.org/pub/scm/linux/kernel/git/abelloni/linux.git rtc/rtc-next
Auto-merging drivers/platform/x86/amd/pmc/pmc.c
Merge made by the 'ort' strategy.
 .../devicetree/bindings/rtc/epson,rx6110.txt       |  39 --
 .../devicetree/bindings/rtc/epson,rx6110.yaml      |  68 +++
 .../devicetree/bindings/rtc/rtc-ds1307.yaml        |   1 +
 .../devicetree/bindings/rtc/st,m41t93.yaml         |  50 +++
 .../devicetree/bindings/rtc/trivial-rtc.yaml       |   2 +
 drivers/platform/x86/amd/pmc/pmc.c                 |   9 +-
 drivers/rtc/Kconfig                                |   7 -
 drivers/rtc/Makefile                               |   1 -
 drivers/rtc/interface.c                            |  44 +-
 drivers/rtc/rtc-88pm886.c                          |   2 +-
 drivers/rtc/rtc-ab-b5ze-s3.c                       |   2 +-
 drivers/rtc/rtc-ab-eoz9.c                          |   2 +-
 drivers/rtc/rtc-ab8500.c                           |   8 +-
 drivers/rtc/rtc-abx80x.c                           |  23 +-
 drivers/rtc/rtc-aspeed.c                           |   1 +
 drivers/rtc/rtc-bd70528.c                          |   8 +-
 drivers/rtc/rtc-bq32k.c                            |  11 +-
 drivers/rtc/rtc-cmos.c                             |   6 +
 drivers/rtc/rtc-cros-ec.c                          |   4 +-
 drivers/rtc/rtc-ds1307.c                           | 209 +++++++--
 drivers/rtc/rtc-ds1374.c                           |   2 +-
 drivers/rtc/rtc-ds1672.c                           |   2 +-
 drivers/rtc/rtc-ds3232.c                           |   2 +-
 drivers/rtc/rtc-em3027.c                           |   2 +-
 drivers/rtc/rtc-fm3130.c                           |   2 +-
 drivers/rtc/rtc-hym8563.c                          |   4 +-
 drivers/rtc/rtc-isl12022.c                         |   2 +-
 drivers/rtc/rtc-isl12026.c                         |   4 +-
 drivers/rtc/rtc-isl1208.c                          |  25 +-
 drivers/rtc/rtc-m41t80.c                           |  22 +-
 drivers/rtc/rtc-m41t93.c                           | 488 ++++++++++++++++++---
 drivers/rtc/rtc-max31335.c                         |   4 +-
 drivers/rtc/rtc-max6900.c                          |   2 +-
 drivers/rtc/rtc-max77686.c                         |  10 +-
 drivers/rtc/rtc-max8997.c                          |   4 +-
 drivers/rtc/rtc-max8998.c                          |   4 +-
 drivers/rtc/rtc-mpfs.c                             |   2 +-
 drivers/rtc/rtc-msc313.c                           |   4 +-
 drivers/rtc/rtc-mv.c                               |  23 +
 drivers/rtc/rtc-nct3018y.c                         |   2 +-
 drivers/rtc/rtc-pcap.c                             | 179 --------
 drivers/rtc/rtc-pcf2127.c                          |   8 +-
 drivers/rtc/rtc-pcf85063.c                         |  12 +-
 drivers/rtc/rtc-pcf8523.c                          |   2 +-
 drivers/rtc/rtc-pcf8563.c                          |   6 +-
 drivers/rtc/rtc-pcf8583.c                          |   2 +-
 drivers/rtc/rtc-renesas-rtca3.c                    |  26 +-
 drivers/rtc/rtc-rs5c372.c                          |  12 +-
 drivers/rtc/rtc-rv3029c2.c                         |   4 +-
 drivers/rtc/rtc-rv8803.c                           |   8 +-
 drivers/rtc/rtc-rx6110.c                           |   2 +-
 drivers/rtc/rtc-rx8010.c                           |   2 +-
 drivers/rtc/rtc-rx8025.c                           |   4 +-
 drivers/rtc/rtc-rx8581.c                           |   2 +-
 drivers/rtc/rtc-s35390a.c                          |   4 +-
 drivers/rtc/rtc-s5m.c                              |  12 +-
 drivers/rtc/rtc-sd2405al.c                         |   2 +-
 drivers/rtc/rtc-sd3078.c                           |   2 +-
 drivers/rtc/rtc-tps6594.c                          |   4 +-
 drivers/rtc/rtc-x1205.c                            |   2 +-
 include/linux/rtc.h                                |   2 +
 61 files changed, 962 insertions(+), 442 deletions(-)
 delete mode 100644 Documentation/devicetree/bindings/rtc/epson,rx6110.txt
 create mode 100644 Documentation/devicetree/bindings/rtc/epson,rx6110.yaml
 create mode 100644 Documentation/devicetree/bindings/rtc/st,m41t93.yaml
 delete mode 100644 drivers/rtc/rtc-pcap.c
Merging nvdimm/libnvdimm-for-next (86e411b6ec277 MAINTAINERS: nvdimm: Include maintainer profile)
$ git merge -m Merge branch 'libnvdimm-for-next' of https://git.kernel.org/pub/scm/linux/kernel/git/nvdimm/nvdimm.git nvdimm/libnvdimm-for-next
Already up to date.
Merging at24/at24/for-next (b4c0149768852 eeprom: at24: Use named initializers for arrays of i2c_device_data)
$ git merge -m Merge branch 'at24/for-next' of https://git.kernel.org/pub/scm/linux/kernel/git/brgl/linux.git at24/at24/for-next
Already up to date.
Merging ntb/ntb-next (7b3302c687cae ntb_hw_amd: Fix incorrect debug message in link disable path)
$ git merge -m Merge branch 'ntb-next' of https://github.com/jonmason/ntb.git ntb/ntb-next
Merge made by the 'ort' strategy.
 drivers/ntb/hw/amd/ntb_hw_amd.c | 2 +-
 1 file changed, 1 insertion(+), 1 deletion(-)
Merging seccomp/for-next/seccomp (41fa043273841 selftests/seccomp: Add hard-coded __NR_uprobe for x86_64)
$ git merge -m Merge branch 'for-next/seccomp' of https://git.kernel.org/pub/scm/linux/kernel/git/kees/linux.git seccomp/for-next/seccomp
Already up to date.
Merging slimbus/for-next (c81f110e205f7 Merge branches 'slimbus-fixes' and 'slimbus-for-7.2' into slimbus-for-next)
$ git merge -m Merge branch 'for-next' of https://git.kernel.org/pub/scm/linux/kernel/git/srini/slimbus.git slimbus/for-next
Auto-merging drivers/slimbus/qcom-ngd-ctrl.c
Merge made by the 'ort' strategy.
 drivers/slimbus/qcom-ngd-ctrl.c | 5 ++---
 1 file changed, 2 insertions(+), 3 deletions(-)
Merging nvmem/for-next (69679101cc893 Merge branches 'nvmem-fixes' and 'nvmem-for-7.2' into nvmem-for-next)
$ git merge -m Merge branch 'for-next' of https://git.kernel.org/pub/scm/linux/kernel/git/srini/nvmem.git nvmem/for-next
Auto-merging drivers/nvmem/core.c
Merge made by the 'ort' strategy.
 .../bindings/nvmem/airoha,smc-efuses.yaml          |  67 +++++++++++
 .../bindings/nvmem/microchip,lan9662-otpc.yaml     |   1 +
 .../devicetree/bindings/nvmem/qcom,qfprom.yaml     |   4 +
 drivers/nvmem/Kconfig                              |  22 +++-
 drivers/nvmem/Makefile                             |   2 +
 drivers/nvmem/airoha-smc-efuses.c                  | 125 +++++++++++++++++++++
 drivers/nvmem/core.c                               |   4 +
 drivers/nvmem/lan9662-otpc.c                       |  12 +-
 drivers/nvmem/layouts/u-boot-env.c                 |   5 +-
 drivers/nvmem/nintendo-otp.c                       |   9 +-
 drivers/nvmem/rockchip-otp.c                       |   9 +-
 11 files changed, 236 insertions(+), 24 deletions(-)
 create mode 100644 Documentation/devicetree/bindings/nvmem/airoha,smc-efuses.yaml
 create mode 100644 drivers/nvmem/airoha-smc-efuses.c
Merging hyperv/hyperv-next (a4ffc59238be8 mshv: add bounds check on vp_index in mshv_intercept_isr())
$ git merge -m Merge branch 'hyperv-next' of https://git.kernel.org/pub/scm/linux/kernel/git/hyperv/linux.git hyperv/hyperv-next
Already up to date.
Merging auxdisplay/for-next (4dc76c305a73b auxdisplay: Kconfig: drop unneeded quotes in PANEL_BOOT_MESSAGE dep)
$ git merge -m Merge branch 'for-next' of https://git.kernel.org/pub/scm/linux/kernel/git/andy/linux-auxdisplay.git auxdisplay/for-next
Already up to date.
Merging kgdb/kgdb/for-next (fdbdd0ccb30af kdb: remove redundant check for scancode 0xe0)
$ git merge -m Merge branch 'kgdb/for-next' of https://git.kernel.org/pub/scm/linux/kernel/git/danielt/linux.git kgdb/kgdb/for-next
Already up to date.
Merging hmm/hmm (19272b37aa4f8 Linux 6.16-rc1)
$ git merge -m Merge branch 'hmm' of https://git.kernel.org/pub/scm/linux/kernel/git/rdma/rdma.git hmm/hmm
Already up to date.
Merging cfi/cfi/next (254f49634ee16 Linux 7.1-rc1)
$ git merge -m Merge branch 'cfi/next' of https://git.kernel.org/pub/scm/linux/kernel/git/mtd/linux.git cfi/cfi/next
Already up to date.
Merging mhi/mhi-next (32845111e8ea6 bus: mhi: host: pci_generic: Fix the physical function check)
$ git merge -m Merge branch 'mhi-next' of https://git.kernel.org/pub/scm/linux/kernel/git/mani/mhi.git mhi/mhi-next
Already up to date.
$ git am -3 ../patches/0001-fix-up-for-net-qrtr-Drop-the-MHI-auto_queue-feature-.patch
Applying: fix up for "net: qrtr: Drop the MHI auto_queue feature for IPCR DL channels"
Using index info to reconstruct a base tree...
M	drivers/net/wireless/ath/ath12k/wifi7/mhi.c
Falling back to patching base and 3-way merge...
No changes -- Patch already applied.
Merging memblock/for-next (00e06cb773fd8 mm: mm_init: use div64_ul() instead of do_div())
$ git merge -m Merge branch 'for-next' of https://git.kernel.org/pub/scm/linux/kernel/git/rppt/memblock.git memblock/for-next
Already up to date.
Merging cxl/next (f72af41a43e16 Merge branch 'for-7.2/cxl-type2-attach-region' into cxl-for-next)
$ git merge -m Merge branch 'next' of https://git.kernel.org/pub/scm/linux/kernel/git/cxl/cxl.git cxl/next
Already up to date.
Merging zstd/zstd-next (65d1f5507ed2c zstd: Import upstream v1.5.7)
$ git merge -m Merge branch 'zstd-next' of https://github.com/terrelln/linux.git zstd/zstd-next
Already up to date.
Merging efi/next (48a4282157823 efi/capsule-loader: fix incorrect sizeof in phys array reallocation)
$ git merge -m Merge branch 'next' of https://git.kernel.org/pub/scm/linux/kernel/git/efi/efi.git efi/next
Already up to date.
Merging unicode/for-next (bcfee135d5847 utf8: Remove unused utf8_normalize)
$ git merge -m Merge branch 'for-next' of https://git.kernel.org/pub/scm/linux/kernel/git/krisman/unicode.git unicode/for-next
Auto-merging fs/unicode/utf8-core.c
Merge made by the 'ort' strategy.
 fs/unicode/utf8-core.c  | 22 ----------------------
 include/linux/unicode.h |  3 ---
 2 files changed, 25 deletions(-)
Merging slab/slab/for-next (892a786473077 tools/mm/slabinfo: fix total_objects attribute name)
$ git merge -m Merge branch 'slab/for-next' of https://git.kernel.org/pub/scm/linux/kernel/git/vbabka/slab.git slab/slab/for-next
Already up to date.
$ git am -3 ../patches/0001-drm-panthor-I-love-Werror.patch
Applying: drm/panthor: I love -Werror
Using index info to reconstruct a base tree...
M	drivers/gpu/drm/panthor/panthor_mmu.c
Falling back to patching base and 3-way merge...
Auto-merging drivers/gpu/drm/panthor/panthor_mmu.c
No changes -- Patch already applied.
Merging random/master (bb9ff576fdff4 virt: vmgenid: remap memory as decrypted)
$ git merge -m Merge branch 'master' of https://git.kernel.org/pub/scm/linux/kernel/git/crng/random.git random/master
Merge made by the 'ort' strategy.
 drivers/virt/vmgenid.c | 3 ++-
 1 file changed, 2 insertions(+), 1 deletion(-)
Merging landlock/next (1c236e7fe740a selftests/landlock: Add tests for invalid use of quiet flag)
$ git merge -m Merge branch 'next' of https://git.kernel.org/pub/scm/linux/kernel/git/mic/linux.git landlock/next
Already up to date.
Merging sysctl/sysctl-next (f63a9df7e3f9f sysctl: fix uninitialized variable in proc_do_large_bitmap)
$ git merge -m Merge branch 'sysctl-next' of https://git.kernel.org/pub/scm/linux/kernel/git/sysctl/sysctl.git sysctl/sysctl-next
Already up to date.
Merging execve/for-next/execve (9bf092c97b86a sched: update task_struct->comm comment)
$ git merge -m Merge branch 'for-next/execve' of https://git.kernel.org/pub/scm/linux/kernel/git/kees/linux.git execve/for-next/execve
Already up to date.
Merging bitmap/bitmap-for-next (d0ff8c53d82a8 bitmap: Replace __ASSEMBLY__ with __ASSEMBLER__ in header files)
$ git merge -m Merge branch 'bitmap-for-next' of https://github.com/norov/linux.git bitmap/bitmap-for-next
Merge made by the 'ort' strategy.
 include/linux/bitmap.h     | 4 ++--
 include/linux/bits.h       | 6 +++---
 tools/include/linux/bits.h | 6 +++---
 3 files changed, 8 insertions(+), 8 deletions(-)
Merging hte/for-next (005b25ad11717 hte: tegra194: Add Tegra264 GTE support)
$ git merge -m Merge branch 'for-next' of https://git.kernel.org/pub/scm/linux/kernel/git/pateldipen1984/linux.git hte/for-next
Already up to date.
Merging kspp/for-next/kspp (c2606fb910d7c Merge branch 'for-next/hardening' into for-next/kspp)
$ git merge -m Merge branch 'for-next/kspp' of https://git.kernel.org/pub/scm/linux/kernel/git/kees/linux.git kspp/for-next/kspp
Merge made by the 'ort' strategy.
Merging nolibc/for-next (3850c2920a10d selftests/nolibc: test against -Wwrite-strings)
$ git merge -m Merge branch 'for-next' of https://git.kernel.org/pub/scm/linux/kernel/git/nolibc/linux-nolibc.git nolibc/for-next
Already up to date.
Merging iommufd/for-next (e28bee5b44517 iommu: Avoid copying the user array twice in the full-array copy helper)
$ git merge -m Merge branch 'for-next' of https://git.kernel.org/pub/scm/linux/kernel/git/jgg/iommufd.git iommufd/for-next
Already up to date.
Merging turbostat/next (1c996a37fd244 tools/power turbostat: pmt: Improve sscanf() hygiene)
$ git merge -m Merge branch 'next' of https://git.kernel.org/pub/scm/linux/kernel/git/lenb/linux.git turbostat/next
Merge made by the 'ort' strategy.
 tools/power/x86/turbostat/turbostat.8 |   6 +-
 tools/power/x86/turbostat/turbostat.c | 567 ++++++++++++++++------------------
 2 files changed, 266 insertions(+), 307 deletions(-)
Merging pwrseq/pwrseq/for-next (fe55485138e80 power: sequencing: pcie-m2: Add PCI ID for NXP 88W9098 and AW693 Bluetooth)
$ git merge -m Merge branch 'pwrseq/for-next' of https://git.kernel.org/pub/scm/linux/kernel/git/brgl/linux.git pwrseq/pwrseq/for-next
Merge made by the 'ort' strategy.
 drivers/power/sequencing/pwrseq-pcie-m2.c | 4 ++++
 1 file changed, 4 insertions(+)
Merging capabilities-next/caps-next (0715881360074 ipc: don't audit capability check in ipc_permissions())
$ git merge -m Merge branch 'caps-next' of https://git.kernel.org/pub/scm/linux/kernel/git/sergeh/linux.git capabilities-next/caps-next
Already up to date.
$ git am -3 ../patches/0001-sign-file-Fix-up-merge-issue.patch
Applying: sign-file: Fix up merge issue
Using index info to reconstruct a base tree...
M	scripts/sign-file.c
Falling back to patching base and 3-way merge...
Auto-merging scripts/sign-file.c
No changes -- Patch already applied.
Merging ipe/next (028ef9c96e961 Linux 7.0)
$ git merge -m Merge branch 'next' of https://git.kernel.org/pub/scm/linux/kernel/git/wufan/ipe.git ipe/next
Already up to date.
Merging kcsan/next (07a1a6562ce29 kcsan: Silence -Wmaybe-uninitialized when calling __kcsan_check_access())
$ git merge -m Merge branch 'next' of https://git.kernel.org/pub/scm/linux/kernel/git/melver/linux.git kcsan/next
Already up to date.
Merging crc/crc-next (cbe44c389ae80 crypto: aegis128 - Use neon-intrinsics.h on ARM too)
$ git merge -m Merge branch 'crc-next' of https://git.kernel.org/pub/scm/linux/kernel/git/ebiggers/linux.git crc/crc-next
Already up to date.
Merging keys-next/keys-next (965e9a2cf23b0 pkcs7: Change a pr_warn() to pr_warn_once())
$ git merge -m Merge branch 'keys-next' of https://git.kernel.org/pub/scm/linux/kernel/git/dhowells/linux-fs.git keys-next/keys-next
Already up to date.
Merging fwctl/for-next (254f49634ee16 Linux 7.1-rc1)
$ git merge -m Merge branch 'for-next' of https://git.kernel.org/pub/scm/linux/kernel/git/fwctl/fwctl.git fwctl/for-next
Already up to date.
Merging devsec-tsm/next (3177779ae17db virt: coco: change tsm_class to a const struct)
$ git merge -m Merge branch 'next' of https://git.kernel.org/pub/scm/linux/kernel/git/devsec/tsm.git devsec-tsm/next
Already up to date.
Merging hisilicon/for-next (6cdd694551d6a Merge branch 'next/dt64' into for-next)
$ git merge -m Merge branch 'for-next' of https://github.com/hisilicon/linux-hisi.git hisilicon/for-next
Merge made by the 'ort' strategy.
Merging device-id/device-id-rework (f8877df03fe98 mod_devicetable.h: Split into per subsystem headers)
$ git merge -m Merge branch 'device-id-rework' of https://git.kernel.org/pub/scm/linux/kernel/git/ukleinek/linux.git device-id/device-id-rework
Merge made by the 'ort' strategy.
 include/linux/mod_device_id/acpi.h       |   31 +
 include/linux/mod_device_id/amba.h       |   18 +
 include/linux/mod_device_id/ap.h         |   19 +
 include/linux/mod_device_id/apr.h        |   20 +
 include/linux/mod_device_id/auxiliary.h  |   16 +
 include/linux/mod_device_id/bcma.h       |   24 +
 include/linux/mod_device_id/ccw.h        |   26 +
 include/linux/mod_device_id/cdx.h        |   39 ++
 include/linux/mod_device_id/coreboot.h   |   19 +
 include/linux/mod_device_id/css.h        |   16 +
 include/linux/mod_device_id/dfl.h        |   33 +
 include/linux/mod_device_id/dmi.h        |   57 ++
 include/linux/mod_device_id/eisa.h       |   20 +
 include/linux/mod_device_id/fsl_mc.h     |   21 +
 include/linux/mod_device_id/hda.h        |   16 +
 include/linux/mod_device_id/hid.h        |   21 +
 include/linux/mod_device_id/hv_vmbus.h   |   17 +
 include/linux/mod_device_id/i2c.h        |   18 +
 include/linux/mod_device_id/i3c.h        |   25 +
 include/linux/mod_device_id/ieee1394.h   |   26 +
 include/linux/mod_device_id/input.h      |   61 ++
 include/linux/mod_device_id/ipack.h      |   16 +
 include/linux/mod_device_id/isapnp.h     |   15 +
 include/linux/mod_device_id/ishtp.h      |   23 +
 include/linux/mod_device_id/mcb.h        |   14 +
 include/linux/mod_device_id/mdio.h       |   34 +
 include/linux/mod_device_id/mei_cl.h     |   30 +
 include/linux/mod_device_id/mhi.h        |   23 +
 include/linux/mod_device_id/mips_cdmm.h  |   16 +
 include/linux/mod_device_id/of.h         |   14 +
 include/linux/mod_device_id/parisc.h     |   20 +
 include/linux/mod_device_id/pci.h        |   53 ++
 include/linux/mod_device_id/pcmcia.h     |   47 ++
 include/linux/mod_device_id/platform.h   |   16 +
 include/linux/mod_device_id/pnp.h        |   25 +
 include/linux/mod_device_id/rio.h        |   27 +
 include/linux/mod_device_id/rpmsg.h      |   18 +
 include/linux/mod_device_id/sdio.h       |   20 +
 include/linux/mod_device_id/sdw.h        |   17 +
 include/linux/mod_device_id/serio.h      |   17 +
 include/linux/mod_device_id/slim.h       |   22 +
 include/linux/mod_device_id/spi.h        |   18 +
 include/linux/mod_device_id/spmi.h       |   16 +
 include/linux/mod_device_id/ssam.h       |   27 +
 include/linux/mod_device_id/ssb.h        |   23 +
 include/linux/mod_device_id/tb.h         |   36 ++
 include/linux/mod_device_id/tee_client.h |   17 +
 include/linux/mod_device_id/typec.h      |   25 +
 include/linux/mod_device_id/ulpi.h       |   15 +
 include/linux/mod_device_id/usb.h        |  110 ++++
 include/linux/mod_device_id/vchiq.h      |    8 +
 include/linux/mod_device_id/vio.h        |   10 +
 include/linux/mod_device_id/virtio.h     |   15 +
 include/linux/mod_device_id/wmi.h        |   18 +
 include/linux/mod_device_id/x86_cpu.h    |   43 ++
 include/linux/mod_device_id/zorro.h      |   18 +
 include/linux/mod_devicetable.h          | 1014 ++----------------------------
 57 files changed, 1465 insertions(+), 958 deletions(-)
 create mode 100644 include/linux/mod_device_id/acpi.h
 create mode 100644 include/linux/mod_device_id/amba.h
 create mode 100644 include/linux/mod_device_id/ap.h
 create mode 100644 include/linux/mod_device_id/apr.h
 create mode 100644 include/linux/mod_device_id/auxiliary.h
 create mode 100644 include/linux/mod_device_id/bcma.h
 create mode 100644 include/linux/mod_device_id/ccw.h
 create mode 100644 include/linux/mod_device_id/cdx.h
 create mode 100644 include/linux/mod_device_id/coreboot.h
 create mode 100644 include/linux/mod_device_id/css.h
 create mode 100644 include/linux/mod_device_id/dfl.h
 create mode 100644 include/linux/mod_device_id/dmi.h
 create mode 100644 include/linux/mod_device_id/eisa.h
 create mode 100644 include/linux/mod_device_id/fsl_mc.h
 create mode 100644 include/linux/mod_device_id/hda.h
 create mode 100644 include/linux/mod_device_id/hid.h
 create mode 100644 include/linux/mod_device_id/hv_vmbus.h
 create mode 100644 include/linux/mod_device_id/i2c.h
 create mode 100644 include/linux/mod_device_id/i3c.h
 create mode 100644 include/linux/mod_device_id/ieee1394.h
 create mode 100644 include/linux/mod_device_id/input.h
 create mode 100644 include/linux/mod_device_id/ipack.h
 create mode 100644 include/linux/mod_device_id/isapnp.h
 create mode 100644 include/linux/mod_device_id/ishtp.h
 create mode 100644 include/linux/mod_device_id/mcb.h
 create mode 100644 include/linux/mod_device_id/mdio.h
 create mode 100644 include/linux/mod_device_id/mei_cl.h
 create mode 100644 include/linux/mod_device_id/mhi.h
 create mode 100644 include/linux/mod_device_id/mips_cdmm.h
 create mode 100644 include/linux/mod_device_id/of.h
 create mode 100644 include/linux/mod_device_id/parisc.h
 create mode 100644 include/linux/mod_device_id/pci.h
 create mode 100644 include/linux/mod_device_id/pcmcia.h
 create mode 100644 include/linux/mod_device_id/platform.h
 create mode 100644 include/linux/mod_device_id/pnp.h
 create mode 100644 include/linux/mod_device_id/rio.h
 create mode 100644 include/linux/mod_device_id/rpmsg.h
 create mode 100644 include/linux/mod_device_id/sdio.h
 create mode 100644 include/linux/mod_device_id/sdw.h
 create mode 100644 include/linux/mod_device_id/serio.h
 create mode 100644 include/linux/mod_device_id/slim.h
 create mode 100644 include/linux/mod_device_id/spi.h
 create mode 100644 include/linux/mod_device_id/spmi.h
 create mode 100644 include/linux/mod_device_id/ssam.h
 create mode 100644 include/linux/mod_device_id/ssb.h
 create mode 100644 include/linux/mod_device_id/tb.h
 create mode 100644 include/linux/mod_device_id/tee_client.h
 create mode 100644 include/linux/mod_device_id/typec.h
 create mode 100644 include/linux/mod_device_id/ulpi.h
 create mode 100644 include/linux/mod_device_id/usb.h
 create mode 100644 include/linux/mod_device_id/vchiq.h
 create mode 100644 include/linux/mod_device_id/vio.h
 create mode 100644 include/linux/mod_device_id/virtio.h
 create mode 100644 include/linux/mod_device_id/wmi.h
 create mode 100644 include/linux/mod_device_id/x86_cpu.h
 create mode 100644 include/linux/mod_device_id/zorro.h
Merging kthread/for-next (fa39ec4f89f26 doc: Add housekeeping documentation)
$ git merge -m Merge branch 'for-next' of https://git.kernel.org/pub/scm/linux/kernel/git/frederic/linux-dynticks.git kthread/for-next
Already up to date.
